"timestamp","zone","temperature_c","rainfall_mm","humidity_pct","wind_speed_kmh","air_quality_index","weather_condition","congestion_percentage","traffic_delay_minutes","average_speed_kmh","incident_count","active_incident_count","high_critical_incident_count","crowd_level"
"2026-09-01T00:00:00+05:30","Pink City","24.1","0.5","49","7.5","79","Cloudy","24","4","41","1","0","1","low"
"2026-09-01T00:00:00+05:30","Malviya Nagar","24.1","0","48","8.4","87","Clear","23","5","41","0","0","0","low"
"2026-09-01T00:00:00+05:30","Sanganer","24.1","0","48","9.3","95","Clear","16","4","44","0","0","0","low"
"2026-09-01T00:00:00+05:30","C-Scheme","24.1","0","48","10.2","103","Clear","27","9","39","0","0","0","low"
"2026-09-01T00:00:00+05:30","Mansarovar","24.1","0","48","11.1","111","Clear","27","5","39","0","0","0","low"
"2026-09-01T01:00:00+05:30","Pink City","24.1","1","52","9.3","79","Cloudy","26","6","40","0","0","0","low"
"2026-09-01T01:00:00+05:30","Malviya Nagar","24","0","50","10.2","87","Clear","23","6","41","0","0","0","low"
"2026-09-01T01:00:00+05:30","Sanganer","24","0","50","11.1","95","Clear","17","5","44","0","0","0","low"
"2026-09-01T01:00:00+05:30","C-Scheme","24","0","50","12","103","Clear","29","6","39","0","0","0","low"
"2026-09-01T01:00:00+05:30","Mansarovar","24","0","50","12.9","111","Clear","27","6","39","0","0","0","low"
"2026-09-01T02:00:00+05:30","Pink City","24.1","0","51","11.1","78","Clear","28","8","39","0","0","0","low"
"2026-09-01T02:00:00+05:30","Malviya Nagar","24.1","0","51","12","86","Clear","24","8","41","0","0","0","low"
"2026-09-01T02:00:00+05:30","Sanganer","24.1","0","51","12.9","94","Clear","19","2","43","0","0","0","low"
"2026-09-01T02:00:00+05:30","C-Scheme","24.1","0","51","13.8","102","Clear","32","8","37","0","0","0","low"
"2026-09-01T02:00:00+05:30","Mansarovar","24.1","0","51","14.7","110","Clear","28","8","39","0","0","0","low"
"2026-09-01T03:00:00+05:30","Pink City","24.3","0","52","12.9","78","Clear","30","10","38","0","0","0","low"
"2026-09-01T03:00:00+05:30","Malviya Nagar","24.3","0","52","13.8","86","Clear","24","4","41","0","0","0","low"
"2026-09-01T03:00:00+05:30","Sanganer","24.3","0","52","14.7","94","Clear","21","4","42","0","0","0","low"
"2026-09-01T03:00:00+05:30","C-Scheme","24.3","0","52","15.6","102","Clear","34","10","36","0","0","0","low"
"2026-09-01T03:00:00+05:30","Mansarovar","24.3","0","52","16.5","110","Clear","28","9","39","0","0","0","low"
"2026-09-01T04:00:00+05:30","Pink City","24.7","0","53","14.7","78","Clear","33","7","37","0","0","0","low"
"2026-09-01T04:00:00+05:30","Malviya Nagar","24.7","0","53","15.6","86","Clear","25","5","40","0","0","0","low"
"2026-09-01T04:00:00+05:30","Sanganer","24.7","0","53","16.5","94","Clear","23","6","41","0","0","0","low"
"2026-09-01T04:00:00+05:30","C-Scheme","24.7","0","53","17.4","102","Clear","36","12","36","0","0","0","low"
"2026-09-01T04:00:00+05:30","Mansarovar","24.7","0","53","18.3","110","Clear","29","6","39","0","0","0","low"
"2026-09-01T05:00:00+05:30","Pink City","25.2","0","54","16.5","79","Clear","35","9","36","0","0","0","low"
"2026-09-01T05:00:00+05:30","Malviya Nagar","25.2","0","54","17.4","87","Clear","27","7","39","0","0","0","low"
"2026-09-01T05:00:00+05:30","Sanganer","25.2","0","54","18.3","95","Clear","27","9","39","0","0","0","low"
"2026-09-01T05:00:00+05:30","C-Scheme","25.2","0","54","7.5","103","Clear","39","9","34","0","0","0","low"
"2026-09-01T05:00:00+05:30","Mansarovar","25.2","0","54","8.4","111","Clear","15","2","45","1","0","0","low"
"2026-09-01T06:00:00+05:30","Pink City","25.8","0","54","18.3","85","Clear","44","13","32","0","0","0","moderate"
"2026-09-01T06:00:00+05:30","Malviya Nagar","25.8","0","54","7.5","93","Clear","36","12","36","0","0","0","low"
"2026-09-01T06:00:00+05:30","Sanganer","25.8","0","54","8.4","101","Clear","37","8","35","0","0","0","low"
"2026-09-01T06:00:00+05:30","C-Scheme","25.8","0","54","9.3","109","Clear","31","7","38","0","0","0","low"
"2026-09-01T06:00:00+05:30","Mansarovar","25.8","0","54","10.2","117","Clear","24","6","41","0","0","0","low"
"2026-09-01T07:00:00+05:30","Pink City","26.4","0","54","8.4","91","Clear","53","17","28","0","0","0","moderate"
"2026-09-01T07:00:00+05:30","Malviya Nagar","26.4","0","54","9.3","99","Clear","45","11","32","0","0","0","low"
"2026-09-01T07:00:00+05:30","Sanganer","26.4","0","54","10.2","107","Clear","32","8","37","0","0","0","low"
"2026-09-01T07:00:00+05:30","C-Scheme","26.4","0","54","11.1","115","Clear","40","12","34","0","0","0","moderate"
"2026-09-01T07:00:00+05:30","Mansarovar","26.8","4.4","65","12","123","Light Rain","33","11","37","0","0","0","low"
"2026-09-01T08:00:00+05:30","Pink City","27","0","53","10.2","99","Haze","64","17","23","0","0","0","moderate"
"2026-09-01T08:00:00+05:30","Malviya Nagar","27","0","53","11.1","107","Haze","41","11","33","0","0","0","moderate"
"2026-09-01T08:00:00+05:30","Sanganer","27","0","53","12","115","Haze","44","13","32","0","0","0","moderate"
"2026-09-01T08:00:00+05:30","C-Scheme","27","0","53","12.9","123","Haze","51","16","29","1","1","0","moderate"
"2026-09-01T08:00:00+05:30","Mansarovar","27.4","4.9","65","13.8","131","Light Rain","45","11","32","0","0","0","moderate"
"2026-09-01T09:00:00+05:30","Pink City","27.6","0","52","12","98","Clear","46","12","31","0","0","0","moderate"
"2026-09-01T09:00:00+05:30","Malviya Nagar","27.6","0","52","12.9","106","Clear","41","12","33","0","0","0","moderate"
"2026-09-01T09:00:00+05:30","Sanganer","27.6","0","52","13.8","114","Clear","45","14","32","0","0","0","moderate"
"2026-09-01T09:00:00+05:30","C-Scheme","27.6","0.5","53","14.7","122","Cloudy","50","13","30","0","0","0","moderate"
"2026-09-01T09:00:00+05:30","Mansarovar","27.6","0","52","15.6","130","Clear","46","12","31","0","0","0","moderate"
"2026-09-01T10:00:00+05:30","Pink City","28.1","0","51","13.8","92","Clear","40","12","34","0","0","0","moderate"
"2026-09-01T10:00:00+05:30","Malviya Nagar","28.1","0","51","14.7","100","Clear","37","12","35","0","0","0","moderate"
"2026-09-01T10:00:00+05:30","Sanganer","28.1","0","51","15.6","108","Clear","40","9","34","0","0","0","moderate"
"2026-09-01T10:00:00+05:30","C-Scheme","28.1","0","51","16.5","116","Clear","43","11","33","0","0","0","moderate"
"2026-09-01T10:00:00+05:30","Mansarovar","28.1","0","51","17.4","124","Clear","41","12","33","0","0","0","low"
"2026-09-01T11:00:00+05:30","Pink City","28.5","0","50","15.6","86","Clear","34","11","36","0","0","0","low"
"2026-09-01T11:00:00+05:30","Malviya Nagar","28.5","0","50","16.5","94","Clear","32","7","37","0","0","0","low"
"2026-09-01T11:00:00+05:30","Sanganer","28.6","1.6","54","17.4","102","Cloudy","34","8","36","1","1","0","low"
"2026-09-01T11:00:00+05:30","C-Scheme","28.5","0","50","18.3","110","Clear","37","11","35","0","0","0","low"
"2026-09-01T11:00:00+05:30","Mansarovar","28.5","0","50","7.5","118","Clear","36","12","36","0","0","0","low"
"2026-09-01T12:00:00+05:30","Pink City","28.7","0","48","17.4","84","Clear","32","7","37","0","0","0","low"
"2026-09-01T12:00:00+05:30","Malviya Nagar","28.9","2.2","54","18.3","92","Cloudy","32","8","37","0","0","0","low"
"2026-09-01T12:00:00+05:30","Sanganer","28.7","0","48","7.5","100","Clear","32","9","37","0","0","0","low"
"2026-09-01T12:00:00+05:30","C-Scheme","28.7","0","48","8.4","108","Clear","36","12","36","0","0","0","low"
"2026-09-01T12:00:00+05:30","Mansarovar","28.7","0","48","9.3","116","Clear","37","8","35","0","0","0","low"
"2026-09-01T13:00:00+05:30","Pink City","28.8","0","46","7.5","83","Clear","33","8","37","0","0","0","low"
"2026-09-01T13:00:00+05:30","Malviya Nagar","29","2.7","53","8.4","91","Cloudy","34","10","36","0","0","0","low"
"2026-09-01T13:00:00+05:30","Sanganer","28.8","0","46","9.3","99","Clear","32","10","37","0","0","0","low"
"2026-09-01T13:00:00+05:30","C-Scheme","28.8","0","46","10.2","107","Clear","36","8","36","0","0","0","low"
"2026-09-01T13:00:00+05:30","Mansarovar","28.8","0","46","11.1","115","Clear","38","10","35","0","0","0","low"
"2026-09-01T14:00:00+05:30","Pink City","29","3.2","53","9.3","84","Light Rain","35","10","36","0","0","0","low"
"2026-09-01T14:00:00+05:30","Malviya Nagar","28.7","0","45","10.2","92","Clear","37","12","35","1","1","0","low"
"2026-09-01T14:00:00+05:30","Sanganer","28.7","0","45","11.1","100","Clear","33","7","37","0","0","0","low"
"2026-09-01T14:00:00+05:30","C-Scheme","28.7","0","45","12","108","Clear","39","10","34","0","0","0","low"
"2026-09-01T14:00:00+05:30","Mansarovar","28.7","0","45","12.9","116","Clear","25","7","40","0","0","0","low"
"2026-09-01T15:00:00+05:30","Pink City","28.5","0","44","11.1","86","Clear","41","13","33","0","0","0","low"
"2026-09-01T15:00:00+05:30","Malviya Nagar","28.5","0","44","12","94","Clear","42","10","33","0","0","0","low"
"2026-09-01T15:00:00+05:30","Sanganer","28.5","0","44","12.9","102","Clear","37","9","35","0","0","0","low"
"2026-09-01T15:00:00+05:30","C-Scheme","28.5","0","44","13.8","110","Clear","28","8","39","0","0","0","low"
"2026-09-01T15:00:00+05:30","Mansarovar","28.5","0","44","14.7","118","Clear","30","10","38","0","0","0","low"
"2026-09-01T16:00:00+05:30","Pink City","28.1","0","43","12.9","92","Clear","52","13","29","0","0","0","moderate"
"2026-09-01T16:00:00+05:30","Malviya Nagar","28.1","0","43","13.8","100","Clear","52","14","29","0","0","0","moderate"
"2026-09-01T16:00:00+05:30","Sanganer","28.1","0","43","14.7","108","Clear","30","8","38","0","0","0","low"
"2026-09-01T16:00:00+05:30","C-Scheme","28.1","0","43","15.6","116","Clear","39","13","34","0","0","0","moderate"
"2026-09-01T16:00:00+05:30","Mansarovar","28.1","0","43","16.5","124","Clear","40","9","34","0","0","0","moderate"
"2026-09-01T17:00:00+05:30","Pink City","27.6","0","42","14.7","101","Haze","66","19","23","1","1","0","high"
"2026-09-01T17:00:00+05:30","Malviya Nagar","27.6","0","42","15.6","109","Haze","49","15","30","0","0","0","moderate"
"2026-09-01T17:00:00+05:30","Sanganer","27.6","0","42","16.5","117","Haze","42","14","33","0","0","0","moderate"
"2026-09-01T17:00:00+05:30","C-Scheme","27.6","0","42","17.4","125","Haze","53","14","28","0","0","0","moderate"
"2026-09-01T17:00:00+05:30","Mansarovar","27.6","0","42","18.3","133","Haze","53","15","28","0","0","0","moderate"
"2026-09-01T18:00:00+05:30","Pink City","27","0","42","16.5","105","Haze","58","18","26","0","0","0","high"
"2026-09-01T18:00:00+05:30","Malviya Nagar","27","0","42","17.4","113","Haze","55","18","27","0","0","0","high"
"2026-09-01T18:00:00+05:30","Sanganer","27","0","42","18.3","121","Haze","49","12","30","0","0","0","moderate"
"2026-09-01T18:00:00+05:30","C-Scheme","27","0","42","7.5","129","Haze","61","17","25","0","0","0","high"
"2026-09-01T18:00:00+05:30","Mansarovar","27","0","42","8.4","137","Haze","59","18","26","0","0","0","high"
"2026-09-01T19:00:00+05:30","Pink City","26.4","0","42","18.3","102","Haze","57","18","26","0","0","0","high"
"2026-09-01T19:00:00+05:30","Malviya Nagar","26.4","0","42","7.5","110","Haze","53","14","28","0","0","0","moderate"
"2026-09-01T19:00:00+05:30","Sanganer","26.4","0","42","8.4","118","Haze","48","13","30","0","0","0","moderate"
"2026-09-01T19:00:00+05:30","C-Scheme","26.4","0","42","9.3","126","Haze","61","19","25","0","0","0","high"
"2026-09-01T19:00:00+05:30","Mansarovar","26.4","0","42","10.2","134","Haze","57","18","26","0","0","0","moderate"
"2026-09-01T20:00:00+05:30","Pink City","25.8","0","43","8.4","95","Clear","50","13","30","0","0","0","moderate"
"2026-09-01T20:00:00+05:30","Malviya Nagar","25.8","0","43","9.3","103","Clear","44","12","32","0","0","0","moderate"
"2026-09-01T20:00:00+05:30","Sanganer","25.8","0","43","10.2","111","Clear","40","12","34","0","0","0","moderate"
"2026-09-01T20:00:00+05:30","C-Scheme","25.8","0","43","11.1","119","Clear","53","17","28","0","0","0","moderate"
"2026-09-01T20:00:00+05:30","Mansarovar","25.8","0","43","12","127","Clear","48","12","30","0","0","0","moderate"
"2026-09-01T21:00:00+05:30","Pink City","25.2","0","44","10.2","88","Clear","43","11","33","0","0","0","moderate"
"2026-09-01T21:00:00+05:30","Malviya Nagar","25.2","0","44","11.1","96","Clear","36","10","36","0","0","0","low"
"2026-09-01T21:00:00+05:30","Sanganer","25.2","0","44","12","104","Clear","34","11","36","0","0","0","low"
"2026-09-01T21:00:00+05:30","C-Scheme","25.2","0","44","12.9","112","Clear","46","11","31","0","0","0","moderate"
"2026-09-01T21:00:00+05:30","Mansarovar","25.4","2.2","49","13.8","120","Cloudy","40","10","34","0","0","0","low"
"2026-09-01T22:00:00+05:30","Pink City","24.7","0","45","12","83","Clear","38","11","35","0","0","0","low"
"2026-09-01T22:00:00+05:30","Malviya Nagar","24.7","0","45","12.9","91","Clear","30","10","38","0","0","0","low"
"2026-09-01T22:00:00+05:30","Sanganer","24.7","0","45","13.8","99","Clear","30","6","38","0","0","0","low"
"2026-09-01T22:00:00+05:30","C-Scheme","24.7","0","45","14.7","107","Clear","42","11","33","0","0","0","low"
"2026-09-01T22:00:00+05:30","Mansarovar","24.7","0","45","15.6","115","Clear","34","10","36","1","1","0","low"
"2026-09-01T23:00:00+05:30","Pink City","24.3","0","46","13.8","80","Clear","36","12","36","0","0","0","low"
"2026-09-01T23:00:00+05:30","Malviya Nagar","24.3","0","46","14.7","88","Clear","28","5","39","0","0","0","low"
"2026-09-01T23:00:00+05:30","Sanganer","24.3","0","46","15.6","96","Clear","30","7","38","0","0","0","low"
"2026-09-01T23:00:00+05:30","C-Scheme","24.6","3.2","54","16.5","104","Light Rain","40","12","34","0","0","0","low"
"2026-09-01T23:00:00+05:30","Mansarovar","24.3","0","46","17.4","112","Clear","16","5","44","0","0","0","low"
"2026-09-02T00:00:00+05:30","Pink City","24.6","0","48","10.2","84","Clear","28","5","39","0","0","0","low"
"2026-09-02T00:00:00+05:30","Malviya Nagar","24.6","0","48","11.1","92","Clear","20","4","42","0","0","0","low"
"2026-09-02T00:00:00+05:30","Sanganer","24.6","0","48","12","100","Clear","20","5","42","0","0","0","low"
"2026-09-02T00:00:00+05:30","C-Scheme","24.6","0","48","12.9","108","Clear","32","10","37","0","0","0","low"
"2026-09-02T00:00:00+05:30","Mansarovar","24.6","0","48","13.8","116","Clear","24","4","41","0","0","0","low"
"2026-09-02T01:00:00+05:30","Pink City","24.6","0","50","12","84","Clear","29","7","39","0","0","0","low"
"2026-09-02T01:00:00+05:30","Malviya Nagar","24.6","0","50","12.9","92","Clear","21","5","42","0","0","0","low"
"2026-09-02T01:00:00+05:30","Sanganer","24.6","0","50","13.8","100","Clear","22","7","42","0","0","0","low"
"2026-09-02T01:00:00+05:30","C-Scheme","24.6","0","50","14.7","108","Clear","32","7","37","0","0","0","low"
"2026-09-02T01:00:00+05:30","Mansarovar","24.6","0","50","15.6","116","Clear","25","5","40","0","0","0","low"
"2026-09-02T02:00:00+05:30","Pink City","24.6","0","51","13.8","84","Clear","30","8","38","0","0","0","low"
"2026-09-02T02:00:00+05:30","Malviya Nagar","24.6","0","51","14.7","92","Clear","22","7","42","0","0","0","low"
"2026-09-02T02:00:00+05:30","Sanganer","24.6","0","51","15.6","100","Clear","24","4","41","0","0","0","low"
"2026-09-02T02:00:00+05:30","C-Scheme","24.6","0","51","16.5","108","Clear","33","8","37","0","0","0","low"
"2026-09-02T02:00:00+05:30","Mansarovar","24.6","0","51","17.4","116","Clear","26","7","40","0","0","0","low"
"2026-09-02T03:00:00+05:30","Pink City","24.9","0","52","15.6","83","Clear","30","10","38","0","0","0","low"
"2026-09-02T03:00:00+05:30","Malviya Nagar","24.9","0","52","16.5","91","Clear","23","4","41","0","0","0","low"
"2026-09-02T03:00:00+05:30","Sanganer","24.9","0","52","17.4","99","Clear","27","6","39","0","0","0","low"
"2026-09-02T03:00:00+05:30","C-Scheme","24.9","0","52","18.3","107","Clear","34","10","36","0","0","0","low"
"2026-09-02T03:00:00+05:30","Mansarovar","24.9","0","52","7.5","115","Clear","28","9","39","0","0","0","low"
"2026-09-02T04:00:00+05:30","Pink City","25.3","0","53","17.4","84","Clear","32","7","37","0","0","0","low"
"2026-09-02T04:00:00+05:30","Malviya Nagar","25.3","0","53","18.3","92","Clear","26","6","40","0","0","0","low"
"2026-09-02T04:00:00+05:30","Sanganer","25.3","0","53","7.5","100","Clear","29","8","39","0","0","0","low"
"2026-09-02T04:00:00+05:30","C-Scheme","25.3","0","53","8.4","108","Clear","35","11","36","0","0","0","low"
"2026-09-02T04:00:00+05:30","Mansarovar","25.3","0","53","9.3","116","Clear","14","1","45","1","0","1","low"
"2026-09-02T05:00:00+05:30","Pink City","25.8","0","54","7.5","84","Clear","33","8","37","0","0","0","low"
"2026-09-02T05:00:00+05:30","Malviya Nagar","25.8","0","54","8.4","92","Clear","29","8","39","0","0","0","low"
"2026-09-02T05:00:00+05:30","Sanganer","25.8","0","54","9.3","100","Clear","32","10","37","0","0","0","low"
"2026-09-02T05:00:00+05:30","C-Scheme","25.8","0","54","10.2","108","Clear","20","3","42","0","0","0","low"
"2026-09-02T05:00:00+05:30","Mansarovar","26.1","3.8","63","11.1","116","Light Rain","17","3","44","0","0","0","low"
"2026-09-02T06:00:00+05:30","Pink City","26.3","0","54","9.3","90","Clear","42","12","33","0","0","0","low"
"2026-09-02T06:00:00+05:30","Malviya Nagar","26.3","0","54","10.2","98","Clear","40","13","34","0","0","0","low"
"2026-09-02T06:00:00+05:30","Sanganer","26.3","0","54","11.1","106","Clear","25","4","40","0","0","0","low"
"2026-09-02T06:00:00+05:30","C-Scheme","26.3","0","54","12","114","Clear","29","7","39","0","0","0","low"
"2026-09-02T06:00:00+05:30","Mansarovar","26.3","0","54","12.9","122","Clear","27","7","39","0","0","0","low"
"2026-09-02T07:00:00+05:30","Pink City","27","0","54","11.1","96","Clear","50","16","30","0","0","0","moderate"
"2026-09-02T07:00:00+05:30","Malviya Nagar","27","0","54","12","104","Clear","34","7","36","0","0","0","moderate"
"2026-09-02T07:00:00+05:30","Sanganer","27","0","54","12.9","112","Clear","34","8","36","0","0","0","low"
"2026-09-02T07:00:00+05:30","C-Scheme","27.3","4.9","66","13.8","120","Light Rain","38","11","35","1","1","0","moderate"
"2026-09-02T07:00:00+05:30","Mansarovar","27","0","54","14.7","128","Clear","38","12","35","0","0","0","low"
"2026-09-02T08:00:00+05:30","Pink City","27.6","0","53","12.9","104","Haze","46","11","31","0","0","0","moderate"
"2026-09-02T08:00:00+05:30","Malviya Nagar","27.6","0","53","13.8","112","Haze","47","13","31","0","0","0","moderate"
"2026-09-02T08:00:00+05:30","Sanganer","27.6","0.5","54","14.7","120","Cloudy","46","14","31","0","0","0","moderate"
"2026-09-02T08:00:00+05:30","C-Scheme","27.6","0","53","15.6","128","Haze","49","16","30","0","0","0","moderate"
"2026-09-02T08:00:00+05:30","Mansarovar","27.6","0","53","16.5","136","Haze","51","13","29","0","0","0","moderate"
"2026-09-02T09:00:00+05:30","Pink City","28.2","0","52","14.7","102","Clear","46","12","31","0","0","0","moderate"
"2026-09-02T09:00:00+05:30","Malviya Nagar","28.2","0","52","15.6","110","Clear","48","14","30","0","0","0","moderate"
"2026-09-02T09:00:00+05:30","Sanganer","28.2","1","55","16.5","118","Cloudy","45","14","32","0","0","0","moderate"
"2026-09-02T09:00:00+05:30","C-Scheme","28.2","0","52","17.4","126","Clear","50","13","30","0","0","0","moderate"
"2026-09-02T09:00:00+05:30","Mansarovar","28.2","0","52","18.3","134","Clear","52","14","29","0","0","0","moderate"
"2026-09-02T10:00:00+05:30","Pink City","28.6","0","51","16.5","97","Clear","41","12","33","0","0","0","moderate"
"2026-09-02T10:00:00+05:30","Malviya Nagar","28.8","1.6","55","17.4","105","Cloudy","42","14","33","0","0","0","moderate"
"2026-09-02T10:00:00+05:30","Sanganer","28.6","0","51","18.3","113","Clear","38","9","35","1","1","1","low"
"2026-09-02T10:00:00+05:30","C-Scheme","28.6","0","51","7.5","121","Clear","44","12","32","0","0","0","moderate"
"2026-09-02T10:00:00+05:30","Mansarovar","28.6","0","51","8.4","129","Clear","47","14","31","0","0","0","moderate"
"2026-09-02T11:00:00+05:30","Pink City","29","0","50","18.3","91","Clear","36","12","36","0","0","0","low"
"2026-09-02T11:00:00+05:30","Malviya Nagar","29","0","50","7.5","99","Clear","37","8","35","0","0","0","low"
"2026-09-02T11:00:00+05:30","Sanganer","29","0","50","8.4","107","Clear","31","7","38","0","0","0","low"
"2026-09-02T11:00:00+05:30","C-Scheme","29","0","50","9.3","115","Clear","40","12","34","0","0","0","low"
"2026-09-02T11:00:00+05:30","Mansarovar","29","0","50","10.2","123","Clear","41","13","33","0","0","0","low"
"2026-09-02T12:00:00+05:30","Pink City","29.5","2.7","55","8.4","89","Cloudy","36","8","36","0","0","0","low"
"2026-09-02T12:00:00+05:30","Malviya Nagar","29.3","0","48","9.3","97","Clear","36","9","36","0","0","0","low"
"2026-09-02T12:00:00+05:30","Sanganer","29.3","0","48","10.2","105","Clear","30","8","38","0","0","0","low"
"2026-09-02T12:00:00+05:30","C-Scheme","29.3","0","48","11.1","113","Clear","40","13","34","0","0","0","low"
"2026-09-02T12:00:00+05:30","Mansarovar","29.3","0","48","12","121","Clear","40","9","34","0","0","0","low"
"2026-09-02T13:00:00+05:30","Pink City","29.4","0","46","10.2","88","Clear","38","10","35","0","0","0","low"
"2026-09-02T13:00:00+05:30","Malviya Nagar","29.4","0","46","11.1","96","Clear","36","10","36","1","1","0","low"
"2026-09-02T13:00:00+05:30","Sanganer","29.4","0","46","12","104","Clear","30","10","38","0","0","0","low"
"2026-09-02T13:00:00+05:30","C-Scheme","29.4","0","46","12.9","112","Clear","42","10","33","0","0","0","low"
"2026-09-02T13:00:00+05:30","Mansarovar","29.4","0","46","13.8","120","Clear","24","5","41","0","0","0","low"
"2026-09-02T14:00:00+05:30","Pink City","29.3","0","45","12","88","Clear","41","12","33","0","0","0","low"
"2026-09-02T14:00:00+05:30","Malviya Nagar","29.3","0","45","12.9","96","Clear","38","12","35","0","0","0","low"
"2026-09-02T14:00:00+05:30","Sanganer","29.3","0","45","13.8","104","Clear","32","7","37","0","0","0","low"
"2026-09-02T14:00:00+05:30","C-Scheme","29.3","0","45","14.7","112","Clear","29","7","39","0","0","0","low"
"2026-09-02T14:00:00+05:30","Mansarovar","29.3","0","45","15.6","120","Clear","26","7","40","0","0","0","low"
"2026-09-02T15:00:00+05:30","Pink City","29","0","44","13.8","91","Clear","47","15","31","0","0","0","moderate"
"2026-09-02T15:00:00+05:30","Malviya Nagar","29","0","44","14.7","99","Clear","42","10","33","0","0","0","low"
"2026-09-02T15:00:00+05:30","Sanganer","29","0","44","15.6","107","Clear","21","4","42","0","0","0","low"
"2026-09-02T15:00:00+05:30","C-Scheme","29","0","44","16.5","115","Clear","34","10","36","0","0","0","low"
"2026-09-02T15:00:00+05:30","Mansarovar","29","0","44","17.4","123","Clear","30","10","38","0","0","0","low"
"2026-09-02T16:00:00+05:30","Pink City","28.6","0","43","15.6","97","Clear","57","15","26","1","1","1","moderate"
"2026-09-02T16:00:00+05:30","Malviya Nagar","28.6","0","43","16.5","105","Clear","34","8","36","0","0","0","moderate"
"2026-09-02T16:00:00+05:30","Sanganer","28.6","0","43","17.4","113","Clear","31","9","38","0","0","0","low"
"2026-09-02T16:00:00+05:30","C-Scheme","28.6","0","43","18.3","121","Clear","44","14","32","0","0","0","moderate"
"2026-09-02T16:00:00+05:30","Mansarovar","28.6","0","43","7.5","129","Clear","38","9","35","0","0","0","low"
"2026-09-02T17:00:00+05:30","Pink City","28.2","0","42","17.4","106","Haze","54","15","28","0","0","0","high"
"2026-09-02T17:00:00+05:30","Malviya Nagar","28.2","0","42","18.3","114","Haze","46","14","31","0","0","0","moderate"
"2026-09-02T17:00:00+05:30","Sanganer","28.2","0","42","7.5","122","Haze","46","15","31","0","0","0","moderate"
"2026-09-02T17:00:00+05:30","C-Scheme","28.2","0","42","8.4","130","Haze","58","15","26","0","0","0","high"
"2026-09-02T17:00:00+05:30","Mansarovar","28.2","0","42","9.3","138","Haze","50","14","30","0","0","0","moderate"
"2026-09-02T18:00:00+05:30","Pink City","27.6","0","42","7.5","110","Haze","61","19","25","0","0","0","high"
"2026-09-02T18:00:00+05:30","Malviya Nagar","27.6","0","42","8.4","118","Haze","52","17","29","0","0","0","moderate"
"2026-09-02T18:00:00+05:30","Sanganer","27.6","0","42","9.3","126","Haze","54","14","28","0","0","0","moderate"
"2026-09-02T18:00:00+05:30","C-Scheme","27.6","0","42","10.2","134","Haze","64","18","23","0","0","0","high"
"2026-09-02T18:00:00+05:30","Mansarovar","27.6","0","42","11.1","142","Haze","57","17","26","0","0","0","moderate"
"2026-09-02T19:00:00+05:30","Pink City","27","0","42","9.3","108","Haze","59","19","26","0","0","0","high"
"2026-09-02T19:00:00+05:30","Malviya Nagar","27","0","42","10.2","116","Haze","51","13","29","0","0","0","moderate"
"2026-09-02T19:00:00+05:30","Sanganer","27","0","42","11.1","124","Haze","53","15","28","0","0","0","moderate"
"2026-09-02T19:00:00+05:30","C-Scheme","27","0","42","12","132","Haze","62","19","24","0","0","0","high"
"2026-09-02T19:00:00+05:30","Mansarovar","27.1","1.6","46","12.9","140","Cloudy","55","18","27","0","0","0","moderate"
"2026-09-02T20:00:00+05:30","Pink City","26.3","0","43","11.1","100","Clear","50","13","30","0","0","0","moderate"
"2026-09-02T20:00:00+05:30","Malviya Nagar","26.3","0","43","12","108","Clear","43","11","33","0","0","0","moderate"
"2026-09-02T20:00:00+05:30","Sanganer","26.3","0","43","12.9","116","Clear","46","14","31","0","0","0","moderate"
"2026-09-02T20:00:00+05:30","C-Scheme","26.5","2.2","48","13.8","124","Cloudy","54","17","28","0","0","0","moderate"
"2026-09-02T20:00:00+05:30","Mansarovar","26.3","0","43","14.7","132","Clear","47","12","31","0","0","0","moderate"
"2026-09-02T21:00:00+05:30","Pink City","25.8","0","44","12.9","93","Clear","42","11","33","0","0","0","moderate"
"2026-09-02T21:00:00+05:30","Malviya Nagar","25.8","0","44","13.8","101","Clear","36","10","36","0","0","0","low"
"2026-09-02T21:00:00+05:30","Sanganer","25.8","0","44","14.7","109","Clear","40","13","34","0","0","0","low"
"2026-09-02T21:00:00+05:30","C-Scheme","26","2.7","51","15.6","117","Cloudy","45","11","32","0","0","0","low"
"2026-09-02T21:00:00+05:30","Mansarovar","25.8","0","44","16.5","125","Clear","40","10","34","1","1","0","low"
"2026-09-02T22:00:00+05:30","Pink City","25.3","0","45","14.7","88","Clear","36","10","36","0","0","0","low"
"2026-09-02T22:00:00+05:30","Malviya Nagar","25.3","0","45","15.6","96","Clear","32","10","37","0","0","0","low"
"2026-09-02T22:00:00+05:30","Sanganer","25.5","3.2","53","16.5","104","Light Rain","36","8","36","0","0","0","low"
"2026-09-02T22:00:00+05:30","C-Scheme","25.3","0","45","17.4","112","Clear","40","10","34","0","0","0","low"
"2026-09-02T22:00:00+05:30","Mansarovar","25.3","0","45","18.3","120","Clear","20","5","42","0","0","0","low"
"2026-09-02T23:00:00+05:30","Pink City","24.9","0","46","16.5","86","Clear","34","11","36","0","0","0","low"
"2026-09-02T23:00:00+05:30","Malviya Nagar","24.9","0","46","17.4","94","Clear","32","7","37","0","0","0","low"
"2026-09-02T23:00:00+05:30","Sanganer","24.9","0","46","18.3","102","Clear","34","8","36","0","0","0","low"
"2026-09-02T23:00:00+05:30","C-Scheme","24.9","0","46","7.5","110","Clear","21","5","42","0","0","0","low"
"2026-09-02T23:00:00+05:30","Mansarovar","24.9","0","46","8.4","118","Clear","20","6","42","0","0","0","low"
"2026-09-03T00:00:00+05:30","Pink City","25.2","0","48","12.9","89","Clear","26","5","40","0","0","0","low"
"2026-09-03T00:00:00+05:30","Malviya Nagar","25.2","0","48","13.8","97","Clear","22","4","42","0","0","0","low"
"2026-09-03T00:00:00+05:30","Sanganer","25.2","0","48","14.7","105","Clear","25","7","40","0","0","0","low"
"2026-09-03T00:00:00+05:30","C-Scheme","25.2","0","48","15.6","113","Clear","30","10","38","0","0","0","low"
"2026-09-03T00:00:00+05:30","Mansarovar","25.2","0","48","16.5","121","Clear","26","5","40","0","0","0","low"
"2026-09-03T01:00:00+05:30","Pink City","25.1","0","50","14.7","89","Clear","27","6","39","0","0","0","low"
"2026-09-03T01:00:00+05:30","Malviya Nagar","25.1","0","50","15.6","97","Clear","24","6","41","0","0","0","low"
"2026-09-03T01:00:00+05:30","Sanganer","25.1","0","50","16.5","105","Clear","26","8","40","0","0","0","low"
"2026-09-03T01:00:00+05:30","C-Scheme","25.1","0","50","17.4","113","Clear","30","6","38","0","0","0","low"
"2026-09-03T01:00:00+05:30","Mansarovar","25.1","0","50","18.3","121","Clear","28","6","39","0","0","0","low"
"2026-09-03T02:00:00+05:30","Pink City","25.2","0","51","16.5","88","Clear","27","7","39","0","0","0","low"
"2026-09-03T02:00:00+05:30","Malviya Nagar","25.2","0","51","17.4","96","Clear","26","8","40","0","0","0","low"
"2026-09-03T02:00:00+05:30","Sanganer","25.2","0","51","18.3","104","Clear","28","5","39","0","0","0","low"
"2026-09-03T02:00:00+05:30","C-Scheme","25.2","0","51","7.5","112","Clear","31","7","38","0","0","0","low"
"2026-09-03T02:00:00+05:30","Mansarovar","25.2","0","51","8.4","120","Clear","30","8","38","0","0","0","low"
"2026-09-03T03:00:00+05:30","Pink City","25.4","0","52","18.3","88","Clear","28","9","39","0","0","0","low"
"2026-09-03T03:00:00+05:30","Malviya Nagar","25.4","0","52","7.5","96","Clear","29","6","39","0","0","0","low"
"2026-09-03T03:00:00+05:30","Sanganer","25.4","0","52","8.4","104","Clear","28","6","39","0","0","0","low"
"2026-09-03T03:00:00+05:30","C-Scheme","25.4","0","52","9.3","112","Clear","32","9","37","0","0","0","low"
"2026-09-03T03:00:00+05:30","Mansarovar","25.7","3.2","60","10.2","120","Light Rain","17","5","44","1","0","0","low"
"2026-09-03T04:00:00+05:30","Pink City","25.8","0","53","8.4","88","Clear","31","6","38","0","0","0","low"
"2026-09-03T04:00:00+05:30","Malviya Nagar","25.8","0","53","9.3","96","Clear","32","8","37","0","0","0","low"
"2026-09-03T04:00:00+05:30","Sanganer","25.8","0","53","10.2","104","Clear","30","8","38","0","0","0","low"
"2026-09-03T04:00:00+05:30","C-Scheme","26.1","3.8","63","11.1","112","Light Rain","18","6","43","0","0","0","low"
"2026-09-03T04:00:00+05:30","Mansarovar","25.8","0","53","12","120","Clear","20","3","42","0","0","0","low"
"2026-09-03T05:00:00+05:30","Pink City","26.3","0","54","10.2","89","Clear","34","8","36","0","0","0","low"
"2026-09-03T05:00:00+05:30","Malviya Nagar","26.3","0","54","11.1","97","Clear","35","10","36","0","0","0","low"
"2026-09-03T05:00:00+05:30","Sanganer","26.3","0","54","12","105","Clear","15","5","45","0","0","0","low"
"2026-09-03T05:00:00+05:30","C-Scheme","26.7","4.4","65","12.9","113","Light Rain","21","3","42","0","0","0","low"
"2026-09-03T05:00:00+05:30","Mansarovar","26.3","0","54","13.8","121","Clear","23","5","41","0","0","0","low"
"2026-09-03T06:00:00+05:30","Pink City","26.9","0","54","12","95","Clear","44","13","32","0","0","0","low"
"2026-09-03T06:00:00+05:30","Malviya Nagar","26.9","0","54","12.9","103","Clear","29","9","39","0","0","0","low"
"2026-09-03T06:00:00+05:30","Sanganer","27.3","4.9","66","13.8","111","Light Rain","23","4","41","0","0","0","low"
"2026-09-03T06:00:00+05:30","C-Scheme","26.9","0","54","14.7","119","Clear","31","7","38","1","1","0","low"
"2026-09-03T06:00:00+05:30","Mansarovar","26.9","0","54","15.6","127","Clear","33","9","37","0","0","0","low"
"2026-09-03T07:00:00+05:30","Pink City","27.5","0","54","13.8","101","Clear","38","12","35","0","0","0","moderate"
"2026-09-03T07:00:00+05:30","Malviya Nagar","27.5","0","54","14.7","109","Clear","38","9","35","0","0","0","moderate"
"2026-09-03T07:00:00+05:30","Sanganer","27.5","0","54","15.6","117","Clear","32","8","37","0","0","0","low"
"2026-09-03T07:00:00+05:30","C-Scheme","27.5","0","54","16.5","125","Clear","41","12","33","0","0","0","moderate"
"2026-09-03T07:00:00+05:30","Mansarovar","27.5","0","54","17.4","133","Clear","42","14","33","0","0","0","moderate"
"2026-09-03T08:00:00+05:30","Pink City","28.1","0","53","15.6","109","Haze","51","13","29","0","0","0","moderate"
"2026-09-03T08:00:00+05:30","Malviya Nagar","28.2","1","56","16.5","117","Cloudy","50","14","30","0","0","0","moderate"
"2026-09-03T08:00:00+05:30","Sanganer","28.1","0","53","17.4","125","Haze","43","13","33","0","0","0","moderate"
"2026-09-03T08:00:00+05:30","C-Scheme","28.1","0","53","18.3","133","Haze","54","17","28","0","0","0","moderate"
"2026-09-03T08:00:00+05:30","Mansarovar","28.1","0","53","7.5","141","Haze","54","14","28","0","0","0","moderate"
"2026-09-03T09:00:00+05:30","Pink City","28.8","1.6","56","17.4","108","Cloudy","52","14","29","0","0","0","moderate"
"2026-09-03T09:00:00+05:30","Malviya Nagar","28.7","0","52","18.3","116","Clear","49","15","30","0","0","0","moderate"
"2026-09-03T09:00:00+05:30","Sanganer","28.7","0","52","7.5","124","Clear","43","14","33","1","1","0","moderate"
"2026-09-03T09:00:00+05:30","C-Scheme","28.7","0","52","8.4","132","Clear","55","14","27","0","0","0","moderate"
"2026-09-03T09:00:00+05:30","Mansarovar","28.7","0","52","9.3","140","Clear","53","15","28","0","0","0","moderate"
"2026-09-03T10:00:00+05:30","Pink City","29.4","2.2","56","7.5","102","Cloudy","47","14","31","0","0","0","moderate"
"2026-09-03T10:00:00+05:30","Malviya Nagar","29.2","0","51","8.4","110","Clear","42","14","33","0","0","0","moderate"
"2026-09-03T10:00:00+05:30","Sanganer","29.2","0","51","9.3","118","Clear","38","9","35","0","0","0","low"
"2026-09-03T10:00:00+05:30","C-Scheme","29.2","0","51","10.2","126","Clear","51","14","29","0","0","0","moderate"
"2026-09-03T10:00:00+05:30","Mansarovar","29.2","0","51","11.1","134","Clear","46","14","31","0","0","0","moderate"
"2026-09-03T11:00:00+05:30","Pink City","29.6","0","50","9.3","96","Clear","42","14","33","0","0","0","moderate"
"2026-09-03T11:00:00+05:30","Malviya Nagar","29.6","0","50","10.2","104","Clear","36","8","36","0","0","0","low"
"2026-09-03T11:00:00+05:30","Sanganer","29.6","0","50","11.1","112","Clear","32","8","37","0","0","0","low"
"2026-09-03T11:00:00+05:30","C-Scheme","29.6","0","50","12","120","Clear","46","14","31","0","0","0","moderate"
"2026-09-03T11:00:00+05:30","Mansarovar","29.6","0","50","12.9","128","Clear","40","13","34","0","0","0","low"
"2026-09-03T12:00:00+05:30","Pink City","29.8","0","48","11.1","94","Clear","42","10","33","0","0","0","low"
"2026-09-03T12:00:00+05:30","Malviya Nagar","29.8","0","48","12","102","Clear","34","8","36","1","1","0","low"
"2026-09-03T12:00:00+05:30","Sanganer","29.8","0","48","12.9","110","Clear","32","9","37","0","0","0","low"
"2026-09-03T12:00:00+05:30","C-Scheme","29.8","0","48","13.8","118","Clear","45","14","32","0","0","0","low"
"2026-09-03T12:00:00+05:30","Mansarovar","29.8","0","48","14.7","126","Clear","22","3","42","0","0","0","low"
"2026-09-03T13:00:00+05:30","Pink City","29.9","0","46","12.9","93","Clear","42","11","33","0","0","0","low"
"2026-09-03T13:00:00+05:30","Malviya Nagar","29.9","0","46","13.8","101","Clear","34","10","36","0","0","0","low"
"2026-09-03T13:00:00+05:30","Sanganer","29.9","0","46","14.7","109","Clear","34","11","36","0","0","0","low"
"2026-09-03T13:00:00+05:30","C-Scheme","29.9","0","46","15.6","117","Clear","29","6","39","0","0","0","low"
"2026-09-03T13:00:00+05:30","Mansarovar","29.9","0","46","16.5","125","Clear","22","4","42","0","0","0","low"
"2026-09-03T14:00:00+05:30","Pink City","29.8","0","45","14.7","94","Clear","44","13","32","0","0","0","low"
"2026-09-03T14:00:00+05:30","Malviya Nagar","29.8","0","45","15.6","102","Clear","36","12","36","0","0","0","low"
"2026-09-03T14:00:00+05:30","Sanganer","29.8","0","45","16.5","110","Clear","21","3","42","0","0","0","low"
"2026-09-03T14:00:00+05:30","C-Scheme","29.8","0","45","17.4","118","Clear","31","7","38","0","0","0","low"
"2026-09-03T14:00:00+05:30","Mansarovar","29.8","0","45","18.3","126","Clear","23","6","41","0","0","0","low"
"2026-09-03T15:00:00+05:30","Pink City","29.6","0","44","16.5","96","Clear","48","15","30","1","1","0","moderate"
"2026-09-03T15:00:00+05:30","Malviya Nagar","29.6","0","44","17.4","104","Clear","24","4","41","0","0","0","low"
"2026-09-03T15:00:00+05:30","Sanganer","29.6","0","44","18.3","112","Clear","27","6","39","0","0","0","low"
"2026-09-03T15:00:00+05:30","C-Scheme","29.6","0","44","7.5","120","Clear","35","10","36","0","0","0","low"
"2026-09-03T15:00:00+05:30","Mansarovar","29.6","0","44","8.4","128","Clear","28","9","39","0","0","0","low"
"2026-09-03T16:00:00+05:30","Pink City","29.2","0","43","18.3","102","Clear","40","9","34","0","0","0","moderate"
"2026-09-03T16:00:00+05:30","Malviya Nagar","29.2","0","43","7.5","110","Clear","34","8","36","0","0","0","low"
"2026-09-03T16:00:00+05:30","Sanganer","29.2","0","43","8.4","118","Clear","38","11","35","0","0","0","moderate"
"2026-09-03T16:00:00+05:30","C-Scheme","29.2","0","43","9.3","126","Clear","44","14","32","0","0","0","moderate"
"2026-09-03T16:00:00+05:30","Mansarovar","29.2","0.5","44","10.2","134","Cloudy","38","9","35","0","0","0","low"
"2026-09-03T17:00:00+05:30","Pink City","28.7","0","42","8.4","111","Haze","52","14","29","0","0","0","high"
"2026-09-03T17:00:00+05:30","Malviya Nagar","28.7","0","42","9.3","119","Haze","48","14","30","0","0","0","moderate"
"2026-09-03T17:00:00+05:30","Sanganer","28.7","0","42","10.2","127","Haze","51","16","29","0","0","0","moderate"
"2026-09-03T17:00:00+05:30","C-Scheme","28.7","0","42","11.1","135","Haze","56","15","27","0","0","0","moderate"
"2026-09-03T17:00:00+05:30","Mansarovar","28.8","1","45","12","143","Cloudy","52","14","29","0","0","0","moderate"
"2026-09-03T18:00:00+05:30","Pink City","28.1","0","42","10.2","115","Haze","58","18","26","0","0","0","high"
"2026-09-03T18:00:00+05:30","Malviya Nagar","28.1","0","42","11.1","123","Haze","56","18","27","0","0","0","high"
"2026-09-03T18:00:00+05:30","Sanganer","28.1","0","42","12","131","Haze","58","15","26","0","0","0","high"
"2026-09-03T18:00:00+05:30","C-Scheme","28.2","1.6","46","12.9","139","Cloudy","62","18","24","0","0","0","high"
"2026-09-03T18:00:00+05:30","Mansarovar","28.1","0","42","13.8","147","Haze","60","18","25","0","0","0","moderate"
"2026-09-03T19:00:00+05:30","Pink City","27.5","0","42","12","112","Haze","56","18","27","0","0","0","high"
"2026-09-03T19:00:00+05:30","Malviya Nagar","27.5","0","42","12.9","120","Haze","55","14","27","0","0","0","moderate"
"2026-09-03T19:00:00+05:30","Sanganer","27.5","0","42","13.8","128","Haze","56","16","27","0","0","0","moderate"
"2026-09-03T19:00:00+05:30","C-Scheme","27.5","0","42","14.7","136","Haze","60","18","25","0","0","0","moderate"
"2026-09-03T19:00:00+05:30","Mansarovar","27.5","0","42","15.6","144","Haze","60","19","25","0","0","0","moderate"
"2026-09-03T20:00:00+05:30","Pink City","26.9","0","43","13.8","105","Clear","48","12","30","0","0","0","moderate"
"2026-09-03T20:00:00+05:30","Malviya Nagar","26.9","0","43","14.7","113","Clear","48","13","30","0","0","0","moderate"
"2026-09-03T20:00:00+05:30","Sanganer","27.1","2.7","50","15.6","121","Cloudy","48","14","30","0","0","0","moderate"
"2026-09-03T20:00:00+05:30","C-Scheme","26.9","0","43","16.5","129","Clear","52","17","29","0","0","0","moderate"
"2026-09-03T20:00:00+05:30","Mansarovar","26.9","0","43","17.4","137","Clear","53","14","28","1","1","1","moderate"
"2026-09-03T21:00:00+05:30","Pink City","26.3","0","44","15.6","98","Clear","41","11","33","0","0","0","low"
"2026-09-03T21:00:00+05:30","Malviya Nagar","26.6","3.2","52","16.5","106","Light Rain","42","12","33","0","0","0","low"
"2026-09-03T21:00:00+05:30","Sanganer","26.3","0","44","17.4","114","Clear","40","13","34","0","0","0","low"
"2026-09-03T21:00:00+05:30","C-Scheme","26.3","0","44","18.3","122","Clear","44","11","32","0","0","0","low"
"2026-09-03T21:00:00+05:30","Mansarovar","26.3","0","44","7.5","130","Clear","30","7","38","0","0","0","low"
"2026-09-03T22:00:00+05:30","Pink City","25.8","0","45","17.4","93","Clear","37","11","35","0","0","0","low"
"2026-09-03T22:00:00+05:30","Malviya Nagar","26.1","3.8","54","18.3","101","Light Rain","38","12","35","0","0","0","low"
"2026-09-03T22:00:00+05:30","Sanganer","25.8","0","45","7.5","109","Clear","34","7","36","0","0","0","low"
"2026-09-03T22:00:00+05:30","C-Scheme","25.8","0","45","8.4","117","Clear","24","5","41","0","0","0","low"
"2026-09-03T22:00:00+05:30","Mansarovar","25.8","0","45","9.3","125","Clear","26","7","40","0","0","0","low"
"2026-09-03T23:00:00+05:30","Pink City","25.8","4.4","57","7.5","90","Light Rain","36","12","36","0","0","0","low"
"2026-09-03T23:00:00+05:30","Malviya Nagar","25.4","0","46","8.4","98","Clear","37","8","35","0","0","0","low"
"2026-09-03T23:00:00+05:30","Sanganer","25.4","0","46","9.3","106","Clear","16","3","44","0","0","0","low"
"2026-09-03T23:00:00+05:30","C-Scheme","25.4","0","46","10.2","114","Clear","23","6","41","1","0","0","low"
"2026-09-03T23:00:00+05:30","Mansarovar","25.4","0","46","11.1","122","Clear","25","8","40","2","1","0","low"
"2026-09-04T00:00:00+05:30","Pink City","25.7","0","48","15.6","94","Clear","26","5","40","0","0","0","low"
"2026-09-04T00:00:00+05:30","Malviya Nagar","25.7","0","48","16.5","102","Clear","28","6","39","0","0","0","low"
"2026-09-04T00:00:00+05:30","Sanganer","25.7","0","48","17.4","110","Clear","25","7","40","0","0","0","low"
"2026-09-04T00:00:00+05:30","C-Scheme","25.7","0","48","18.3","118","Clear","30","10","38","0","0","0","low"
"2026-09-04T00:00:00+05:30","Mansarovar","25.9","2.2","54","7.5","126","Cloudy","32","7","37","0","0","0","low"
"2026-09-04T01:00:00+05:30","Pink City","25.6","0","50","17.4","94","Clear","28","6","39","0","0","0","low"
"2026-09-04T01:00:00+05:30","Malviya Nagar","25.6","0","50","18.3","102","Clear","30","8","38","0","0","0","low"
"2026-09-04T01:00:00+05:30","Sanganer","25.6","0","50","7.5","110","Clear","25","8","40","0","0","0","low"
"2026-09-04T01:00:00+05:30","C-Scheme","25.6","0","50","8.4","118","Clear","32","7","37","0","0","0","low"
"2026-09-04T01:00:00+05:30","Mansarovar","25.9","2.7","56","9.3","126","Cloudy","34","8","36","0","0","0","low"
"2026-09-04T02:00:00+05:30","Pink City","25.7","0","51","7.5","94","Clear","30","8","38","0","0","0","low"
"2026-09-04T02:00:00+05:30","Malviya Nagar","25.7","0","51","8.4","102","Clear","31","10","38","0","0","0","low"
"2026-09-04T02:00:00+05:30","Sanganer","25.7","0","51","9.3","110","Clear","25","4","40","0","0","0","low"
"2026-09-04T02:00:00+05:30","C-Scheme","26","3.2","59","10.2","118","Light Rain","34","8","36","0","0","0","low"
"2026-09-04T02:00:00+05:30","Mansarovar","25.7","0","51","11.1","126","Clear","19","5","43","1","0","0","low"
"2026-09-04T03:00:00+05:30","Pink City","26","0","52","9.3","93","Clear","33","11","37","0","0","0","low"
"2026-09-04T03:00:00+05:30","Malviya Nagar","26","0","52","10.2","101","Clear","32","7","37","0","0","0","low"
"2026-09-04T03:00:00+05:30","Sanganer","26","0","52","11.1","109","Clear","26","6","40","0","0","0","low"
"2026-09-04T03:00:00+05:30","C-Scheme","26","0","52","12","117","Clear","20","5","42","0","0","0","low"
"2026-09-04T03:00:00+05:30","Mansarovar","26","0","52","12.9","125","Clear","20","6","42","0","0","0","low"
"2026-09-04T04:00:00+05:30","Pink City","26.4","0","53","11.1","94","Clear","36","8","36","0","0","0","low"
"2026-09-04T04:00:00+05:30","Malviya Nagar","26.4","0","53","12","102","Clear","34","8","36","0","0","0","low"
"2026-09-04T04:00:00+05:30","Sanganer","26.7","4.4","64","12.9","110","Light Rain","12","2","46","0","0","0","low"
"2026-09-04T04:00:00+05:30","C-Scheme","26.4","0","53","13.8","118","Clear","23","7","41","0","0","0","low"
"2026-09-04T04:00:00+05:30","Mansarovar","26.4","0","53","14.7","126","Clear","22","3","42","0","0","0","low"
"2026-09-04T05:00:00+05:30","Pink City","26.8","0","54","12.9","94","Clear","40","10","34","0","0","0","low"
"2026-09-04T05:00:00+05:30","Malviya Nagar","27.2","4.9","66","13.8","102","Light Rain","20","5","42","0","0","0","low"
"2026-09-04T05:00:00+05:30","Sanganer","26.8","0","54","14.7","110","Clear","14","4","45","0","0","0","low"
"2026-09-04T05:00:00+05:30","C-Scheme","26.8","0","54","15.6","118","Clear","27","5","39","1","1","1","low"
"2026-09-04T05:00:00+05:30","Mansarovar","26.8","0","54","16.5","126","Clear","24","5","41","0","0","0","low"
"2026-09-04T06:00:00+05:30","Pink City","27.4","0","54","14.7","100","Clear","33","9","37","0","0","0","moderate"
"2026-09-04T06:00:00+05:30","Malviya Nagar","27.5","0.5","55","15.6","108","Cloudy","28","9","39","0","0","0","low"
"2026-09-04T06:00:00+05:30","Sanganer","27.4","0","54","16.5","116","Clear","24","4","41","0","0","0","low"
"2026-09-04T06:00:00+05:30","C-Scheme","27.4","0","54","17.4","124","Clear","37","9","35","0","0","0","low"
"2026-09-04T06:00:00+05:30","Mansarovar","27.4","0","54","18.3","132","Clear","32","9","37","0","0","0","low"
"2026-09-04T07:00:00+05:30","Pink City","28.1","1","56","16.5","106","Cloudy","43","14","33","0","0","0","moderate"
"2026-09-04T07:00:00+05:30","Malviya Nagar","28","0","54","17.4","114","Clear","36","8","36","0","0","0","low"
"2026-09-04T07:00:00+05:30","Sanganer","28","0","54","18.3","122","Clear","34","8","36","0","0","0","low"
"2026-09-04T07:00:00+05:30","C-Scheme","28","0","54","7.5","130","Clear","47","14","31","0","0","0","moderate"
"2026-09-04T07:00:00+05:30","Mansarovar","28","0","54","8.4","138","Clear","40","13","34","0","0","0","low"
"2026-09-04T08:00:00+05:30","Pink City","28.7","0","53","18.3","114","Haze","55","14","27","0","0","0","high"
"2026-09-04T08:00:00+05:30","Malviya Nagar","28.7","0","53","7.5","122","Haze","47","13","31","0","0","0","moderate"
"2026-09-04T08:00:00+05:30","Sanganer","28.7","0","53","8.4","130","Haze","47","14","31","1","1","0","moderate"
"2026-09-04T08:00:00+05:30","C-Scheme","28.7","0","53","9.3","138","Haze","59","19","26","0","0","0","moderate"
"2026-09-04T08:00:00+05:30","Mansarovar","28.7","0","53","10.2","146","Haze","51","13","29","0","0","0","moderate"
"2026-09-04T09:00:00+05:30","Pink City","29.2","0","52","8.4","112","Clear","55","15","27","0","0","0","moderate"
"2026-09-04T09:00:00+05:30","Malviya Nagar","29.2","0","52","9.3","120","Clear","46","14","31","0","0","0","moderate"
"2026-09-04T09:00:00+05:30","Sanganer","29.2","0","52","10.2","128","Clear","48","15","30","0","0","0","moderate"
"2026-09-04T09:00:00+05:30","C-Scheme","29.2","0","52","11.1","136","Clear","58","15","26","0","0","0","moderate"
"2026-09-04T09:00:00+05:30","Mansarovar","29.2","0","52","12","144","Clear","50","14","30","0","0","0","moderate"
"2026-09-04T10:00:00+05:30","Pink City","29.7","0","51","10.2","107","Clear","48","14","30","0","0","0","moderate"
"2026-09-04T10:00:00+05:30","Malviya Nagar","29.7","0","51","11.1","115","Clear","41","13","33","0","0","0","low"
"2026-09-04T10:00:00+05:30","Sanganer","29.7","0","51","12","123","Clear","43","10","33","0","0","0","low"
"2026-09-04T10:00:00+05:30","C-Scheme","29.7","0","51","12.9","131","Clear","52","14","29","0","0","0","moderate"
"2026-09-04T10:00:00+05:30","Mansarovar","29.7","0","51","13.8","139","Clear","45","13","32","0","0","0","low"
"2026-09-04T11:00:00+05:30","Pink City","30.1","0","50","12","101","Clear","42","14","33","0","0","0","moderate"
"2026-09-04T11:00:00+05:30","Malviya Nagar","30.1","0","50","12.9","109","Clear","35","8","36","1","1","1","low"
"2026-09-04T11:00:00+05:30","Sanganer","30.1","0","50","13.8","117","Clear","39","10","34","0","0","0","low"
"2026-09-04T11:00:00+05:30","C-Scheme","30.1","0","50","14.7","125","Clear","45","13","32","0","0","0","low"
"2026-09-04T11:00:00+05:30","Mansarovar","30.1","0","50","15.6","133","Clear","23","7","41","0","0","0","low"
"2026-09-04T12:00:00+05:30","Pink City","30.4","0","48","13.8","99","Clear","40","9","34","0","0","0","low"
"2026-09-04T12:00:00+05:30","Malviya Nagar","30.4","0","48","14.7","107","Clear","35","9","36","0","0","0","low"
"2026-09-04T12:00:00+05:30","Sanganer","30.4","0","48","15.6","115","Clear","38","11","35","0","0","0","low"
"2026-09-04T12:00:00+05:30","C-Scheme","30.4","0","48","16.5","123","Clear","27","9","39","0","0","0","low"
"2026-09-04T12:00:00+05:30","Mansarovar","30.4","0","48","17.4","131","Clear","23","4","41","0","0","0","low"
"2026-09-04T13:00:00+05:30","Pink City","30.4","0","46","15.6","98","Clear","40","10","34","0","0","0","low"
"2026-09-04T13:00:00+05:30","Malviya Nagar","30.4","0","46","16.5","106","Clear","36","10","36","0","0","0","low"
"2026-09-04T13:00:00+05:30","Sanganer","30.4","0","46","17.4","114","Clear","23","7","41","0","0","0","low"
"2026-09-04T13:00:00+05:30","C-Scheme","30.4","0","46","18.3","122","Clear","27","5","39","0","0","0","low"
"2026-09-04T13:00:00+05:30","Mansarovar","30.4","0","46","7.5","130","Clear","24","5","41","0","0","0","low"
"2026-09-04T14:00:00+05:30","Pink City","30.4","0","45","17.4","98","Clear","41","12","33","1","1","0","low"
"2026-09-04T14:00:00+05:30","Malviya Nagar","30.4","0","45","18.3","106","Clear","23","7","41","0","0","0","low"
"2026-09-04T14:00:00+05:30","Sanganer","30.4","0","45","7.5","114","Clear","25","4","40","0","0","0","low"
"2026-09-04T14:00:00+05:30","C-Scheme","30.4","0","45","8.4","122","Clear","28","6","39","0","0","0","low"
"2026-09-04T14:00:00+05:30","Mansarovar","30.8","4.9","57","9.3","130","Light Rain","28","8","39","0","0","0","low"
"2026-09-04T15:00:00+05:30","Pink City","30.1","0","44","7.5","101","Clear","30","10","38","0","0","0","low"
"2026-09-04T15:00:00+05:30","Malviya Nagar","30.1","0","44","8.4","109","Clear","29","6","39","0","0","0","low"
"2026-09-04T15:00:00+05:30","Sanganer","30.1","0","44","9.3","117","Clear","30","7","38","0","0","0","low"
"2026-09-04T15:00:00+05:30","C-Scheme","30.1","0","44","10.2","125","Clear","33","9","37","0","0","0","low"
"2026-09-04T15:00:00+05:30","Mansarovar","30.1","0","44","11.1","133","Clear","34","11","36","0","0","0","low"
"2026-09-04T16:00:00+05:30","Pink City","29.7","0","43","9.3","107","Clear","39","9","34","0","0","0","moderate"
"2026-09-04T16:00:00+05:30","Malviya Nagar","29.7","0","43","10.2","115","Clear","40","10","34","0","0","0","moderate"
"2026-09-04T16:00:00+05:30","Sanganer","29.7","0","43","11.1","123","Clear","38","11","35","0","0","0","moderate"
"2026-09-04T16:00:00+05:30","C-Scheme","29.8","1","45","12","131","Cloudy","42","14","33","0","0","0","moderate"
"2026-09-04T16:00:00+05:30","Mansarovar","29.7","0","43","12.9","139","Clear","44","11","32","0","0","0","moderate"
"2026-09-04T17:00:00+05:30","Pink City","29.2","0","42","11.1","116","Haze","52","14","29","0","0","0","moderate"
"2026-09-04T17:00:00+05:30","Malviya Nagar","29.2","0","42","12","124","Haze","54","16","28","0","0","0","moderate"
"2026-09-04T17:00:00+05:30","Sanganer","29.4","1.6","46","12.9","132","Cloudy","51","16","29","0","0","0","moderate"
"2026-09-04T17:00:00+05:30","C-Scheme","29.2","0","42","13.8","140","Haze","56","15","27","0","0","0","moderate"
"2026-09-04T17:00:00+05:30","Mansarovar","29.2","0","42","14.7","148","Haze","58","16","26","0","0","0","moderate"
"2026-09-04T18:00:00+05:30","Pink City","28.7","0","42","12.9","120","Haze","60","18","25","0","0","0","high"
"2026-09-04T18:00:00+05:30","Malviya Nagar","28.7","0","42","13.8","128","Haze","61","20","25","0","0","0","high"
"2026-09-04T18:00:00+05:30","Sanganer","28.8","2.2","48","14.7","136","Cloudy","56","15","27","0","0","0","moderate"
"2026-09-04T18:00:00+05:30","C-Scheme","28.7","0","42","15.6","144","Haze","63","18","24","0","0","0","high"
"2026-09-04T18:00:00+05:30","Mansarovar","28.7","0","42","16.5","152","Haze","66","20","23","0","0","0","high"
"2026-09-04T19:00:00+05:30","Pink City","28","0","42","14.7","118","Haze","59","19","26","0","0","0","high"
"2026-09-04T19:00:00+05:30","Malviya Nagar","28.3","2.7","49","15.6","126","Cloudy","60","16","25","0","0","0","high"
"2026-09-04T19:00:00+05:30","Sanganer","28","0","42","16.5","134","Haze","54","15","28","0","0","0","moderate"
"2026-09-04T19:00:00+05:30","C-Scheme","28","0","42","17.4","142","Haze","63","19","24","0","0","0","high"
"2026-09-04T19:00:00+05:30","Mansarovar","28","0","42","18.3","150","Haze","64","21","23","1","1","0","moderate"
"2026-09-04T20:00:00+05:30","Pink City","27.4","0","43","16.5","110","Clear","52","13","29","0","0","0","moderate"
"2026-09-04T20:00:00+05:30","Malviya Nagar","27.4","0","43","17.4","118","Clear","52","14","29","0","0","0","moderate"
"2026-09-04T20:00:00+05:30","Sanganer","27.4","0","43","18.3","126","Clear","46","14","31","0","0","0","moderate"
"2026-09-04T20:00:00+05:30","C-Scheme","27.4","0","43","7.5","134","Clear","56","18","27","0","0","0","moderate"
"2026-09-04T20:00:00+05:30","Mansarovar","27.4","0","43","8.4","142","Clear","40","9","34","0","0","0","moderate"
"2026-09-04T21:00:00+05:30","Pink City","27.2","3.8","53","18.3","103","Light Rain","46","12","31","0","0","0","moderate"
"2026-09-04T21:00:00+05:30","Malviya Nagar","26.8","0","44","7.5","111","Clear","44","13","32","0","0","0","low"
"2026-09-04T21:00:00+05:30","Sanganer","26.8","0","44","8.4","119","Clear","38","12","35","0","0","0","low"
"2026-09-04T21:00:00+05:30","C-Scheme","26.8","0","44","9.3","127","Clear","34","7","36","0","0","0","moderate"
"2026-09-04T21:00:00+05:30","Mansarovar","26.8","0","44","10.2","135","Clear","32","8","37","2","2","0","low"
"2026-09-04T22:00:00+05:30","Pink City","26.4","0","45","8.4","98","Clear","43","13","33","0","0","0","low"
"2026-09-04T22:00:00+05:30","Malviya Nagar","26.4","0","45","9.3","106","Clear","39","13","34","0","0","0","low"
"2026-09-04T22:00:00+05:30","Sanganer","26.4","0","45","10.2","114","Clear","17","2","44","0","0","0","low"
"2026-09-04T22:00:00+05:30","C-Scheme","26.4","0","45","11.1","122","Clear","30","7","38","1","0","0","low"
"2026-09-04T22:00:00+05:30","Mansarovar","26.4","0","45","12","130","Clear","27","7","39","0","0","0","low"
"2026-09-04T23:00:00+05:30","Pink City","26","0","46","10.2","96","Clear","42","14","33","0","0","0","low"
"2026-09-04T23:00:00+05:30","Malviya Nagar","26","0","46","11.1","104","Clear","20","3","42","0","0","0","low"
"2026-09-04T23:00:00+05:30","Sanganer","26","0","46","12","112","Clear","16","3","44","2","2","0","low"
"2026-09-04T23:00:00+05:30","C-Scheme","26","0","46","12.9","120","Clear","29","8","39","0","0","0","low"
"2026-09-04T23:00:00+05:30","Mansarovar","26","0","46","13.8","128","Clear","24","8","41","0","0","0","low"
"2026-09-05T00:00:00+05:30","Pink City","26.3","0","48","18.3","79","Clear","36","8","36","0","0","0","low"
"2026-09-05T00:00:00+05:30","Malviya Nagar","26.3","0","48","7.5","87","Clear","33","8","37","0","0","0","low"
"2026-09-05T00:00:00+05:30","Sanganer","26.3","0","48","8.4","95","Clear","27","7","39","0","0","0","low"
"2026-09-05T00:00:00+05:30","C-Scheme","26.5","2.7","55","9.3","103","Cloudy","40","13","34","0","0","0","low"
"2026-09-05T00:00:00+05:30","Mansarovar","26.3","0","48","10.2","111","Clear","37","8","35","0","0","0","low"
"2026-09-05T01:00:00+05:30","Pink City","26.2","0","50","8.4","79","Clear","38","10","35","0","0","0","low"
"2026-09-05T01:00:00+05:30","Malviya Nagar","26.2","0","50","9.3","87","Clear","33","9","37","0","0","0","low"
"2026-09-05T01:00:00+05:30","Sanganer","26.5","3.2","58","10.2","95","Light Rain","28","9","39","0","0","0","low"
"2026-09-05T01:00:00+05:30","C-Scheme","26.2","0","50","11.1","103","Clear","42","10","33","0","0","0","low"
"2026-09-05T01:00:00+05:30","Mansarovar","26.2","0","50","12","111","Clear","21","4","42","1","0","0","low"
"2026-09-05T02:00:00+05:30","Pink City","26.3","0","51","10.2","78","Clear","40","12","34","0","0","0","low"
"2026-09-05T02:00:00+05:30","Malviya Nagar","26.3","0","51","11.1","86","Clear","33","11","37","0","0","0","low"
"2026-09-05T02:00:00+05:30","Sanganer","26.6","3.8","60","12","94","Light Rain","30","6","38","0","0","0","low"
"2026-09-05T02:00:00+05:30","C-Scheme","26.3","0","51","12.9","102","Clear","27","6","39","0","0","0","low"
"2026-09-05T02:00:00+05:30","Mansarovar","26.3","0","51","13.8","110","Clear","21","5","42","0","0","0","low"
"2026-09-05T03:00:00+05:30","Pink City","26.5","0","52","12","78","Clear","42","14","33","0","0","0","low"
"2026-09-05T03:00:00+05:30","Malviya Nagar","26.9","4.4","63","12.9","86","Light Rain","34","7","36","0","0","0","low"
"2026-09-05T03:00:00+05:30","Sanganer","26.5","0","52","13.8","94","Clear","16","3","44","0","0","0","low"
"2026-09-05T03:00:00+05:30","C-Scheme","26.5","0","52","14.7","102","Clear","29","8","39","0","0","0","low"
"2026-09-05T03:00:00+05:30","Mansarovar","26.5","0","52","15.6","110","Clear","22","7","42","0","0","0","low"
"2026-09-05T04:00:00+05:30","Pink City","26.9","0","53","13.8","78","Clear","44","11","32","0","0","0","low"
"2026-09-05T04:00:00+05:30","Malviya Nagar","26.9","0","53","14.7","86","Clear","19","4","43","0","0","0","low"
"2026-09-05T04:00:00+05:30","Sanganer","26.9","0","53","15.6","94","Clear","20","5","42","0","0","0","low"
"2026-09-05T04:00:00+05:30","C-Scheme","26.9","0","53","16.5","102","Clear","31","10","38","1","1","0","low"
"2026-09-05T04:00:00+05:30","Mansarovar","26.9","0","53","17.4","110","Clear","23","4","41","0","0","0","low"
"2026-09-05T05:00:00+05:30","Pink City","27.4","0.5","55","15.6","79","Cloudy","29","7","39","0","0","0","low"
"2026-09-05T05:00:00+05:30","Malviya Nagar","27.4","0","54","16.5","87","Clear","21","5","42","0","0","0","low"
"2026-09-05T05:00:00+05:30","Sanganer","27.4","0","54","17.4","95","Clear","24","8","41","0","0","0","low"
"2026-09-05T05:00:00+05:30","C-Scheme","27.4","0","54","18.3","103","Clear","33","7","37","0","0","0","low"
"2026-09-05T05:00:00+05:30","Mansarovar","27.4","0","54","7.5","111","Clear","25","5","40","0","0","0","low"
"2026-09-05T06:00:00+05:30","Pink City","28","0","54","17.4","85","Clear","38","11","35","0","0","0","moderate"
"2026-09-05T06:00:00+05:30","Malviya Nagar","28","0","54","18.3","93","Clear","30","10","38","0","0","0","low"
"2026-09-05T06:00:00+05:30","Sanganer","28","0","54","7.5","101","Clear","34","7","36","0","0","0","low"
"2026-09-05T06:00:00+05:30","C-Scheme","28","0","54","8.4","109","Clear","41","11","33","0","0","0","moderate"
"2026-09-05T06:00:00+05:30","Mansarovar","28","0","54","9.3","117","Clear","34","10","36","0","0","0","low"
"2026-09-05T07:00:00+05:30","Pink City","28.6","0","54","7.5","91","Clear","46","15","31","0","0","0","moderate"
"2026-09-05T07:00:00+05:30","Malviya Nagar","28.6","0","54","8.4","99","Clear","40","9","34","0","0","0","moderate"
"2026-09-05T07:00:00+05:30","Sanganer","28.6","0","54","9.3","107","Clear","44","12","32","1","1","0","moderate"
"2026-09-05T07:00:00+05:30","C-Scheme","28.6","0","54","10.2","115","Clear","50","15","30","0","0","0","moderate"
"2026-09-05T07:00:00+05:30","Mansarovar","28.6","0","54","11.1","123","Clear","44","14","32","0","0","0","moderate"
"2026-09-05T08:00:00+05:30","Pink City","29.2","0","53","9.3","99","Haze","57","15","26","0","0","0","high"
"2026-09-05T08:00:00+05:30","Malviya Nagar","29.2","0","53","10.2","107","Haze","53","15","28","0","0","0","moderate"
"2026-09-05T08:00:00+05:30","Sanganer","29.2","0","53","11.1","115","Haze","56","17","27","0","0","0","moderate"
"2026-09-05T08:00:00+05:30","C-Scheme","29.2","0","53","12","123","Haze","61","20","25","0","0","0","moderate"
"2026-09-05T08:00:00+05:30","Mansarovar","29.2","0","53","12.9","131","Haze","57","15","26","0","0","0","moderate"
"2026-09-05T09:00:00+05:30","Pink City","29.8","0","52","11.1","98","Clear","56","16","27","0","0","0","moderate"
"2026-09-05T09:00:00+05:30","Malviya Nagar","29.8","0","52","12","106","Clear","54","16","28","0","0","0","moderate"
"2026-09-05T09:00:00+05:30","Sanganer","29.8","0","52","12.9","114","Clear","56","18","27","0","0","0","moderate"
"2026-09-05T09:00:00+05:30","C-Scheme","29.8","0","52","13.8","122","Clear","60","16","25","0","0","0","moderate"
"2026-09-05T09:00:00+05:30","Mansarovar","29.8","0","52","14.7","130","Clear","58","16","26","0","0","0","moderate"
"2026-09-05T10:00:00+05:30","Pink City","30.3","0","51","12.9","92","Clear","50","15","30","0","0","0","moderate"
"2026-09-05T10:00:00+05:30","Malviya Nagar","30.3","0","51","13.8","100","Clear","49","16","30","1","1","0","moderate"
"2026-09-05T10:00:00+05:30","Sanganer","30.3","0","51","14.7","108","Clear","50","13","30","0","0","0","moderate"
"2026-09-05T10:00:00+05:30","C-Scheme","30.3","0","51","15.6","116","Clear","53","15","28","0","0","0","moderate"
"2026-09-05T10:00:00+05:30","Mansarovar","30.3","0","51","16.5","124","Clear","37","11","35","0","0","0","moderate"
"2026-09-05T11:00:00+05:30","Pink City","30.7","0","50","14.7","86","Clear","44","14","32","0","0","0","moderate"
"2026-09-05T11:00:00+05:30","Malviya Nagar","30.7","0","50","15.6","94","Clear","45","11","32","0","0","0","low"
"2026-09-05T11:00:00+05:30","Sanganer","30.7","0","50","16.5","102","Clear","44","12","32","0","0","0","low"
"2026-09-05T11:00:00+05:30","C-Scheme","30.7","0","50","17.4","110","Clear","31","9","38","0","0","0","low"
"2026-09-05T11:00:00+05:30","Mansarovar","30.7","0","50","18.3","118","Clear","33","11","37","0","0","0","low"
"2026-09-05T12:00:00+05:30","Pink City","30.9","0","48","16.5","84","Clear","43","10","33","0","0","0","low"
"2026-09-05T12:00:00+05:30","Malviya Nagar","30.9","0","48","17.4","92","Clear","45","12","32","0","0","0","low"
"2026-09-05T12:00:00+05:30","Sanganer","30.9","0","48","18.3","100","Clear","26","7","40","0","0","0","low"
"2026-09-05T12:00:00+05:30","C-Scheme","30.9","0","48","7.5","108","Clear","31","10","38","0","0","0","low"
"2026-09-05T12:00:00+05:30","Mansarovar","31.3","4.4","59","8.4","116","Light Rain","33","7","37","0","0","0","low"
"2026-09-05T13:00:00+05:30","Pink City","31","0","46","18.3","83","Clear","44","12","32","1","1","0","low"
"2026-09-05T13:00:00+05:30","Malviya Nagar","31","0","46","7.5","91","Clear","30","8","38","0","0","0","low"
"2026-09-05T13:00:00+05:30","Sanganer","31","0","46","8.4","99","Clear","25","8","40","0","0","0","low"
"2026-09-05T13:00:00+05:30","C-Scheme","31.4","4.9","59","9.3","107","Light Rain","32","7","37","0","0","0","low"
"2026-09-05T13:00:00+05:30","Mansarovar","31","0","46","10.2","115","Clear","34","8","36","0","0","0","low"
"2026-09-05T14:00:00+05:30","Pink City","30.9","0","45","8.4","84","Clear","31","9","38","0","0","0","low"
"2026-09-05T14:00:00+05:30","Malviya Nagar","30.9","0","45","9.3","92","Clear","32","10","37","0","0","0","low"
"2026-09-05T14:00:00+05:30","Sanganer","30.9","0","45","10.2","100","Clear","27","5","39","0","0","0","low"
"2026-09-05T14:00:00+05:30","C-Scheme","31","0.5","46","11.1","108","Cloudy","35","9","36","0","0","0","low"
"2026-09-05T14:00:00+05:30","Mansarovar","30.9","0","45","12","116","Clear","36","10","36","0","0","0","low"
"2026-09-05T15:00:00+05:30","Pink City","30.7","0","44","10.2","86","Clear","37","12","35","0","0","0","moderate"
"2026-09-05T15:00:00+05:30","Malviya Nagar","30.7","0","44","11.1","94","Clear","37","8","35","0","0","0","moderate"
"2026-09-05T15:00:00+05:30","Sanganer","30.8","1","46","12","102","Cloudy","31","7","38","0","0","0","low"
"2026-09-05T15:00:00+05:30","C-Scheme","30.7","0","44","12.9","110","Clear","41","12","33","0","0","0","moderate"
"2026-09-05T15:00:00+05:30","Mansarovar","30.7","0","44","13.8","118","Clear","41","13","33","0","0","0","low"
"2026-09-05T16:00:00+05:30","Pink City","30.3","0","43","12","92","Clear","48","12","30","0","0","0","moderate"
"2026-09-05T16:00:00+05:30","Malviya Nagar","30.3","0","43","12.9","100","Clear","46","12","31","0","0","0","moderate"
"2026-09-05T16:00:00+05:30","Sanganer","30.3","0","43","13.8","108","Clear","40","12","34","0","0","0","low"
"2026-09-05T16:00:00+05:30","C-Scheme","30.3","0","43","14.7","116","Clear","51","16","29","0","0","0","moderate"
"2026-09-05T16:00:00+05:30","Mansarovar","30.3","0","43","15.6","124","Clear","50","13","30","0","0","0","moderate"
"2026-09-05T17:00:00+05:30","Pink City","29.8","0","42","13.8","101","Haze","62","18","24","0","0","0","high"
"2026-09-05T17:00:00+05:30","Malviya Nagar","30","2.2","48","14.7","109","Cloudy","59","18","26","0","0","0","high"
"2026-09-05T17:00:00+05:30","Sanganer","29.8","0","42","15.6","117","Haze","53","17","28","0","0","0","moderate"
"2026-09-05T17:00:00+05:30","C-Scheme","29.8","0","42","16.5","125","Haze","66","18","23","0","0","0","high"
"2026-09-05T17:00:00+05:30","Mansarovar","29.8","0","42","17.4","133","Haze","63","18","24","0","0","0","high"
"2026-09-05T18:00:00+05:30","Pink City","29.4","2.7","49","15.6","105","Cloudy","70","22","21","0","0","0","high"
"2026-09-05T18:00:00+05:30","Malviya Nagar","29.2","0","42","16.5","113","Haze","65","21","23","0","0","0","high"
"2026-09-05T18:00:00+05:30","Sanganer","29.2","0","42","17.4","121","Haze","60","16","25","0","0","0","moderate"
"2026-09-05T18:00:00+05:30","C-Scheme","29.2","0","42","18.3","129","Haze","73","21","20","0","0","0","high"
"2026-09-05T18:00:00+05:30","Mansarovar","29.2","0","42","7.5","137","Haze","69","21","21","1","1","0","high"
"2026-09-05T19:00:00+05:30","Pink City","28.9","3.2","50","17.4","102","Light Rain","69","22","21","0","0","0","high"
"2026-09-05T19:00:00+05:30","Malviya Nagar","28.6","0","42","18.3","110","Haze","62","16","24","0","0","0","high"
"2026-09-05T19:00:00+05:30","Sanganer","28.6","0","42","7.5","118","Haze","59","17","26","0","0","0","moderate"
"2026-09-05T19:00:00+05:30","C-Scheme","28.6","0","42","8.4","126","Haze","72","22","20","0","0","0","high"
"2026-09-05T19:00:00+05:30","Mansarovar","28.6","0","42","9.3","134","Haze","50","16","30","2","2","0","high"
"2026-09-05T20:00:00+05:30","Pink City","28","0","43","7.5","95","Clear","61","16","25","0","0","0","high"
"2026-09-05T20:00:00+05:30","Malviya Nagar","28","0","43","8.4","103","Clear","53","15","28","0","0","0","moderate"
"2026-09-05T20:00:00+05:30","Sanganer","28","0","43","9.3","111","Clear","52","16","29","0","0","0","moderate"
"2026-09-05T20:00:00+05:30","C-Scheme","28","0","43","10.2","119","Clear","48","15","30","2","2","0","moderate"
"2026-09-05T20:00:00+05:30","Mansarovar","28","0","43","11.1","127","Clear","41","10","33","0","0","0","moderate"
"2026-09-05T21:00:00+05:30","Pink City","27.4","0","44","9.3","88","Clear","54","15","28","0","0","0","moderate"
"2026-09-05T21:00:00+05:30","Malviya Nagar","27.4","0","44","10.2","96","Clear","46","14","31","0","0","0","low"
"2026-09-05T21:00:00+05:30","Sanganer","27.4","0","44","11.1","104","Clear","30","10","38","2","1","0","low"
"2026-09-05T21:00:00+05:30","C-Scheme","27.4","0","44","12","112","Clear","41","10","33","1","0","1","moderate"
"2026-09-05T21:00:00+05:30","Mansarovar","27.4","0","44","12.9","120","Clear","33","8","37","0","0","0","low"
"2026-09-05T22:00:00+05:30","Pink City","26.9","0","45","11.1","83","Clear","49","15","30","0","0","0","moderate"
"2026-09-05T22:00:00+05:30","Malviya Nagar","26.9","0","45","12","91","Clear","24","8","41","2","2","0","low"
"2026-09-05T22:00:00+05:30","Sanganer","26.9","0","45","12.9","99","Clear","26","5","40","0","0","0","low"
"2026-09-05T22:00:00+05:30","C-Scheme","26.9","0","45","13.8","107","Clear","36","9","36","0","0","0","low"
"2026-09-05T22:00:00+05:30","Mansarovar","26.9","0","45","14.7","115","Clear","28","8","39","0","0","0","low"
"2026-09-05T23:00:00+05:30","Pink City","26.5","0","46","12.9","80","Clear","30","10","38","2","2","0","low"
"2026-09-05T23:00:00+05:30","Malviya Nagar","26.5","0","46","13.8","88","Clear","23","4","41","0","0","0","low"
"2026-09-05T23:00:00+05:30","Sanganer","26.5","0","46","14.7","96","Clear","26","6","40","0","0","0","low"
"2026-09-05T23:00:00+05:30","C-Scheme","26.5","0","46","15.6","104","Clear","34","10","36","0","0","0","low"
"2026-09-05T23:00:00+05:30","Mansarovar","26.5","0","46","16.5","112","Clear","27","9","39","0","0","0","low"
"2026-09-06T00:00:00+05:30","Pink City","26.8","0","48","9.3","84","Clear","39","9","34","0","0","0","low"
"2026-09-06T00:00:00+05:30","Malviya Nagar","26.8","0","48","10.2","92","Clear","30","7","38","0","0","0","low"
"2026-09-06T00:00:00+05:30","Sanganer","26.8","0","48","11.1","100","Clear","32","9","37","0","0","0","low"
"2026-09-06T00:00:00+05:30","C-Scheme","26.8","0","48","12","108","Clear","42","14","33","0","0","0","low"
"2026-09-06T00:00:00+05:30","Mansarovar","26.8","0","48","12.9","116","Clear","18","2","43","1","0","1","low"
"2026-09-06T01:00:00+05:30","Pink City","26.8","0","50","11.1","84","Clear","39","10","34","0","0","0","low"
"2026-09-06T01:00:00+05:30","Malviya Nagar","27.1","3.8","59","12","92","Light Rain","31","9","38","0","0","0","low"
"2026-09-06T01:00:00+05:30","Sanganer","26.8","0","50","12.9","100","Clear","34","11","36","0","0","0","low"
"2026-09-06T01:00:00+05:30","C-Scheme","26.8","0","50","13.8","108","Clear","26","5","40","0","0","0","low"
"2026-09-06T01:00:00+05:30","Mansarovar","26.8","0","50","14.7","116","Clear","19","4","43","0","0","0","low"
"2026-09-06T02:00:00+05:30","Pink City","27.2","4.4","62","12.9","84","Light Rain","40","12","34","0","0","0","low"
"2026-09-06T02:00:00+05:30","Malviya Nagar","26.8","0","51","13.8","92","Clear","33","11","37","0","0","0","low"
"2026-09-06T02:00:00+05:30","Sanganer","26.8","0","51","14.7","100","Clear","20","3","42","0","0","0","low"
"2026-09-06T02:00:00+05:30","C-Scheme","26.8","0","51","15.6","108","Clear","27","6","39","0","0","0","low"
"2026-09-06T02:00:00+05:30","Mansarovar","26.8","0","51","16.5","116","Clear","21","5","42","0","0","0","low"
"2026-09-06T03:00:00+05:30","Pink City","27.5","4.9","64","14.7","83","Light Rain","40","13","34","0","0","0","low"
"2026-09-06T03:00:00+05:30","Malviya Nagar","27.1","0","52","15.6","91","Clear","19","2","43","0","0","0","low"
"2026-09-06T03:00:00+05:30","Sanganer","27.1","0","52","16.5","99","Clear","22","4","42","0","0","0","low"
"2026-09-06T03:00:00+05:30","C-Scheme","27.1","0","52","17.4","107","Clear","27","7","39","1","1","0","low"
"2026-09-06T03:00:00+05:30","Mansarovar","27.1","0","52","18.3","115","Clear","23","7","41","0","0","0","low"
"2026-09-06T04:00:00+05:30","Pink City","27.5","0","53","16.5","84","Clear","25","4","40","0","0","0","low"
"2026-09-06T04:00:00+05:30","Malviya Nagar","27.5","0","53","17.4","92","Clear","22","4","42","0","0","0","low"
"2026-09-06T04:00:00+05:30","Sanganer","27.5","0","53","18.3","100","Clear","25","7","40","0","0","0","low"
"2026-09-06T04:00:00+05:30","C-Scheme","27.5","0","53","7.5","108","Clear","28","9","39","0","0","0","low"
"2026-09-06T04:00:00+05:30","Mansarovar","27.5","0","53","8.4","116","Clear","26","5","40","0","0","0","low"
"2026-09-06T05:00:00+05:30","Pink City","28","0","54","18.3","84","Clear","27","6","39","0","0","0","low"
"2026-09-06T05:00:00+05:30","Malviya Nagar","28","0","54","7.5","92","Clear","26","7","40","0","0","0","low"
"2026-09-06T05:00:00+05:30","Sanganer","28","0","54","8.4","100","Clear","27","9","39","0","0","0","low"
"2026-09-06T05:00:00+05:30","C-Scheme","28","0","54","9.3","108","Clear","30","6","38","0","0","0","low"
"2026-09-06T05:00:00+05:30","Mansarovar","28","0","54","10.2","116","Clear","30","7","38","0","0","0","low"
"2026-09-06T06:00:00+05:30","Pink City","28.5","0","54","8.4","90","Clear","36","10","36","0","0","0","low"
"2026-09-06T06:00:00+05:30","Malviya Nagar","28.5","0","54","9.3","98","Clear","36","12","36","0","0","0","low"
"2026-09-06T06:00:00+05:30","Sanganer","28.5","0","54","10.2","106","Clear","36","8","36","1","1","1","low"
"2026-09-06T06:00:00+05:30","C-Scheme","28.5","0","54","11.1","114","Clear","39","10","34","0","0","0","low"
"2026-09-06T06:00:00+05:30","Mansarovar","28.5","0","54","12","122","Clear","40","12","34","0","0","0","low"
"2026-09-06T07:00:00+05:30","Pink City","29.2","0","54","10.2","96","Clear","45","14","32","0","0","0","moderate"
"2026-09-06T07:00:00+05:30","Malviya Nagar","29.2","0","54","11.1","104","Clear","46","11","31","0","0","0","moderate"
"2026-09-06T07:00:00+05:30","Sanganer","29.2","0","54","12","112","Clear","44","12","32","0","0","0","moderate"
"2026-09-06T07:00:00+05:30","C-Scheme","29.2","0","54","12.9","120","Clear","48","14","30","0","0","0","moderate"
"2026-09-06T07:00:00+05:30","Mansarovar","29.2","0","54","13.8","128","Clear","50","16","30","0","0","0","moderate"
"2026-09-06T08:00:00+05:30","Pink City","29.8","0","53","12","104","Haze","57","15","26","0","0","0","high"
"2026-09-06T08:00:00+05:30","Malviya Nagar","29.8","0","53","12.9","112","Haze","59","17","26","0","0","0","high"
"2026-09-06T08:00:00+05:30","Sanganer","29.8","0","53","13.8","120","Haze","55","17","27","0","0","0","moderate"
"2026-09-06T08:00:00+05:30","C-Scheme","29.8","0","53","14.7","128","Haze","61","20","25","0","0","0","moderate"
"2026-09-06T08:00:00+05:30","Mansarovar","29.8","0","53","15.6","136","Haze","63","17","24","0","0","0","moderate"
"2026-09-06T09:00:00+05:30","Pink City","30.4","0","52","13.8","102","Clear","58","16","26","0","0","0","moderate"
"2026-09-06T09:00:00+05:30","Malviya Nagar","30.4","0","52","14.7","110","Clear","59","18","26","1","1","0","moderate"
"2026-09-06T09:00:00+05:30","Sanganer","30.4","0","52","15.6","118","Clear","54","17","28","0","0","0","moderate"
"2026-09-06T09:00:00+05:30","C-Scheme","30.4","0","52","16.5","126","Clear","61","16","25","0","0","0","moderate"
"2026-09-06T09:00:00+05:30","Mansarovar","30.6","3.2","60","17.4","134","Light Rain","47","13","31","0","0","0","moderate"
"2026-09-06T10:00:00+05:30","Pink City","30.8","0","51","15.6","97","Clear","53","16","28","0","0","0","moderate"
"2026-09-06T10:00:00+05:30","Malviya Nagar","30.8","0","51","16.5","105","Clear","54","17","28","0","0","0","moderate"
"2026-09-06T10:00:00+05:30","Sanganer","30.8","0","51","17.4","113","Clear","48","12","30","0","0","0","moderate"
"2026-09-06T10:00:00+05:30","C-Scheme","30.8","0","51","18.3","121","Clear","40","10","34","0","0","0","moderate"
"2026-09-06T10:00:00+05:30","Mansarovar","31.2","3.8","60","7.5","129","Light Rain","42","12","33","0","0","0","moderate"
"2026-09-06T11:00:00+05:30","Pink City","31.2","0","50","17.4","91","Clear","49","16","30","0","0","0","moderate"
"2026-09-06T11:00:00+05:30","Malviya Nagar","31.2","0","50","18.3","99","Clear","48","12","30","0","0","0","moderate"
"2026-09-06T11:00:00+05:30","Sanganer","31.2","0","50","7.5","107","Clear","25","5","40","0","0","0","low"
"2026-09-06T11:00:00+05:30","C-Scheme","31.6","4.4","61","8.4","115","Light Rain","36","10","36","0","0","0","moderate"
"2026-09-06T11:00:00+05:30","Mansarovar","31.2","0","50","9.3","123","Clear","36","12","36","0","0","0","low"
"2026-09-06T12:00:00+05:30","Pink City","31.5","0","48","7.5","89","Clear","49","12","30","1","1","1","moderate"
"2026-09-06T12:00:00+05:30","Malviya Nagar","31.5","0","48","8.4","97","Clear","30","7","38","0","0","0","low"
"2026-09-06T12:00:00+05:30","Sanganer","31.5","0","48","9.3","105","Clear","24","6","41","0","0","0","low"
"2026-09-06T12:00:00+05:30","C-Scheme","31.5","0","48","10.2","113","Clear","36","12","36","0","0","0","low"
"2026-09-06T12:00:00+05:30","Mansarovar","31.5","0","48","11.1","121","Clear","34","7","36","0","0","0","low"
"2026-09-06T13:00:00+05:30","Pink City","31.6","0","46","9.3","88","Clear","34","8","36","0","0","0","moderate"
"2026-09-06T13:00:00+05:30","Malviya Nagar","31.6","0","46","10.2","96","Clear","30","8","38","0","0","0","low"
"2026-09-06T13:00:00+05:30","Sanganer","31.6","0.5","48","11.1","104","Cloudy","25","8","40","0","0","0","low"
"2026-09-06T13:00:00+05:30","C-Scheme","31.6","0","46","12","112","Clear","38","9","35","0","0","0","low"
"2026-09-06T13:00:00+05:30","Mansarovar","31.6","0","46","12.9","120","Clear","34","8","36","0","0","0","low"
"2026-09-06T14:00:00+05:30","Pink City","31.5","0","45","11.1","88","Clear","37","11","35","0","0","0","moderate"
"2026-09-06T14:00:00+05:30","Malviya Nagar","31.5","1","48","12","96","Cloudy","31","10","38","0","0","0","low"
"2026-09-06T14:00:00+05:30","Sanganer","31.5","0","45","12.9","104","Clear","28","5","39","0","0","0","low"
"2026-09-06T14:00:00+05:30","C-Scheme","31.5","0","45","13.8","112","Clear","41","11","33","0","0","0","moderate"
"2026-09-06T14:00:00+05:30","Mansarovar","31.5","0","45","14.7","120","Clear","35","10","36","0","0","0","low"
"2026-09-06T15:00:00+05:30","Pink City","31.2","0","44","12.9","91","Clear","42","14","33","0","0","0","moderate"
"2026-09-06T15:00:00+05:30","Malviya Nagar","31.4","1.6","48","13.8","99","Cloudy","35","8","36","0","0","0","low"
"2026-09-06T15:00:00+05:30","Sanganer","31.2","0","44","14.7","107","Clear","33","8","37","0","0","0","low"
"2026-09-06T15:00:00+05:30","C-Scheme","31.2","0","44","15.6","115","Clear","46","14","31","0","0","0","moderate"
"2026-09-06T15:00:00+05:30","Mansarovar","31.2","0","44","16.5","123","Clear","39","13","34","0","0","0","low"
"2026-09-06T16:00:00+05:30","Pink City","31","2.2","48","14.7","97","Cloudy","52","13","29","0","0","0","moderate"
"2026-09-06T16:00:00+05:30","Malviya Nagar","30.8","0","43","15.6","105","Clear","44","12","32","0","0","0","moderate"
"2026-09-06T16:00:00+05:30","Sanganer","30.8","0","43","16.5","113","Clear","44","13","32","0","0","0","moderate"
"2026-09-06T16:00:00+05:30","C-Scheme","30.8","0","43","17.4","121","Clear","55","18","27","0","0","0","moderate"
"2026-09-06T16:00:00+05:30","Mansarovar","30.8","0","43","18.3","129","Clear","48","12","30","0","0","0","moderate"
"2026-09-06T17:00:00+05:30","Pink City","30.4","0","42","16.5","106","Haze","65","19","23","0","0","0","high"
"2026-09-06T17:00:00+05:30","Malviya Nagar","30.4","0","42","17.4","114","Haze","56","17","27","0","0","0","moderate"
"2026-09-06T17:00:00+05:30","Sanganer","30.4","0","42","18.3","122","Haze","58","19","26","0","0","0","moderate"
"2026-09-06T17:00:00+05:30","C-Scheme","30.4","0","42","7.5","130","Haze","68","18","22","0","0","0","high"
"2026-09-06T17:00:00+05:30","Mansarovar","30.4","0","42","8.4","138","Haze","61","17","25","1","1","0","moderate"
"2026-09-06T18:00:00+05:30","Pink City","29.8","0","42","18.3","110","Haze","71","22","20","0","0","0","high"
"2026-09-06T18:00:00+05:30","Malviya Nagar","29.8","0","42","7.5","118","Haze","63","20","24","0","0","0","high"
"2026-09-06T18:00:00+05:30","Sanganer","29.8","0","42","8.4","126","Haze","66","18","23","0","0","0","high"
"2026-09-06T18:00:00+05:30","C-Scheme","29.8","0","42","9.3","134","Haze","74","22","19","2","2","0","high"
"2026-09-06T18:00:00+05:30","Mansarovar","29.8","0","42","10.2","142","Haze","51","15","29","0","0","0","high"
"2026-09-06T19:00:00+05:30","Pink City","29.2","0","42","8.4","108","Haze","68","22","22","0","0","0","high"
"2026-09-06T19:00:00+05:30","Malviya Nagar","29.2","0","42","9.3","116","Haze","62","16","24","0","0","0","moderate"
"2026-09-06T19:00:00+05:30","Sanganer","29.2","0","42","10.2","124","Haze","66","19","23","2","2","0","high"
"2026-09-06T19:00:00+05:30","C-Scheme","29.2","0","42","11.1","132","Haze","56","17","27","0","0","0","high"
"2026-09-06T19:00:00+05:30","Mansarovar","29.2","0","42","12","140","Haze","50","16","30","0","0","0","moderate"
"2026-09-06T20:00:00+05:30","Pink City","28.5","0","43","10.2","100","Clear","60","16","25","0","0","0","moderate"
"2026-09-06T20:00:00+05:30","Malviya Nagar","28.5","0","43","11.1","108","Clear","55","15","27","2","1","0","moderate"
"2026-09-06T20:00:00+05:30","Sanganer","28.5","0","43","12","116","Clear","42","12","33","0","0","0","moderate"
"2026-09-06T20:00:00+05:30","C-Scheme","28.5","0","43","12.9","124","Clear","47","15","31","1","0","0","moderate"
"2026-09-06T20:00:00+05:30","Mansarovar","28.5","0","43","13.8","132","Clear","43","10","33","0","0","0","moderate"
"2026-09-06T21:00:00+05:30","Pink City","28","0","44","12","93","Clear","52","14","29","2","2","0","moderate"
"2026-09-06T21:00:00+05:30","Malviya Nagar","28","0","44","12.9","101","Clear","32","9","37","0","0","0","low"
"2026-09-06T21:00:00+05:30","Sanganer","28","0","44","13.8","109","Clear","35","11","36","0","0","0","moderate"
"2026-09-06T21:00:00+05:30","C-Scheme","28","0","44","14.7","117","Clear","39","9","34","0","0","0","moderate"
"2026-09-06T21:00:00+05:30","Mansarovar","28","0","44","15.6","125","Clear","36","9","36","0","0","0","low"
"2026-09-06T22:00:00+05:30","Pink City","27.5","0","45","13.8","88","Clear","30","8","38","0","0","0","low"
"2026-09-06T22:00:00+05:30","Malviya Nagar","27.5","0","45","14.7","96","Clear","29","9","39","0","0","0","low"
"2026-09-06T22:00:00+05:30","Sanganer","27.5","0","45","15.6","104","Clear","30","6","38","0","0","0","low"
"2026-09-06T22:00:00+05:30","C-Scheme","27.5","0","45","16.5","112","Clear","33","8","37","0","0","0","low"
"2026-09-06T22:00:00+05:30","Mansarovar","27.5","0","45","17.4","120","Clear","33","9","37","0","0","0","low"
"2026-09-06T23:00:00+05:30","Pink City","27.1","0","46","15.6","86","Clear","28","9","39","0","0","0","low"
"2026-09-06T23:00:00+05:30","Malviya Nagar","27.1","0","46","16.5","94","Clear","28","5","39","0","0","0","low"
"2026-09-06T23:00:00+05:30","Sanganer","27.1","0","46","17.4","102","Clear","28","6","39","1","1","0","low"
"2026-09-06T23:00:00+05:30","C-Scheme","27.1","0","46","18.3","110","Clear","32","9","37","0","0","0","low"
"2026-09-06T23:00:00+05:30","Mansarovar","27.2","1","49","7.5","118","Cloudy","32","10","37","0","0","0","low"
"2026-09-07T00:00:00+05:30","Pink City","24.4","3.8","58","12","89","Light Rain","32","7","37","0","0","0","low"
"2026-09-07T00:00:00+05:30","Malviya Nagar","24.1","0","48","12.9","97","Clear","30","7","38","0","0","0","low"
"2026-09-07T00:00:00+05:30","Sanganer","24.1","0","48","13.8","105","Clear","32","9","37","0","0","0","low"
"2026-09-07T00:00:00+05:30","C-Scheme","24.1","0","48","14.7","113","Clear","20","6","42","0","0","0","low"
"2026-09-07T00:00:00+05:30","Mansarovar","24.1","0","48","15.6","121","Clear","18","2","43","0","0","0","low"
"2026-09-07T01:00:00+05:30","Pink City","24","0","50","13.8","89","Clear","33","8","37","0","0","0","low"
"2026-09-07T01:00:00+05:30","Malviya Nagar","24","0","50","14.7","97","Clear","32","9","37","0","0","0","low"
"2026-09-07T01:00:00+05:30","Sanganer","24","0","50","15.6","105","Clear","17","5","44","0","0","0","low"
"2026-09-07T01:00:00+05:30","C-Scheme","24","0","50","16.5","113","Clear","20","3","42","0","0","0","low"
"2026-09-07T01:00:00+05:30","Mansarovar","24","0","50","17.4","121","Clear","20","4","42","0","0","0","low"
"2026-09-07T02:00:00+05:30","Pink City","24.1","0","51","15.6","88","Clear","34","10","36","0","0","0","low"
"2026-09-07T02:00:00+05:30","Malviya Nagar","24.1","0","51","16.5","96","Clear","19","6","43","0","0","0","low"
"2026-09-07T02:00:00+05:30","Sanganer","24.1","0","51","17.4","104","Clear","18","2","43","0","0","0","low"
"2026-09-07T02:00:00+05:30","C-Scheme","24.1","0","51","18.3","112","Clear","21","4","42","1","1","0","low"
"2026-09-07T02:00:00+05:30","Mansarovar","24.1","0","51","7.5","120","Clear","23","6","41","0","0","0","low"
"2026-09-07T03:00:00+05:30","Pink City","24.3","0","52","17.4","88","Clear","20","6","42","0","0","0","low"
"2026-09-07T03:00:00+05:30","Malviya Nagar","24.3","0","52","18.3","96","Clear","21","3","42","0","0","0","low"
"2026-09-07T03:00:00+05:30","Sanganer","24.3","0","52","7.5","104","Clear","18","3","43","0","0","0","low"
"2026-09-07T03:00:00+05:30","C-Scheme","24.3","0","52","8.4","112","Clear","23","6","41","0","0","0","low"
"2026-09-07T03:00:00+05:30","Mansarovar","24.3","0","52","9.3","120","Clear","25","8","40","0","0","0","low"
"2026-09-07T04:00:00+05:30","Pink City","24.7","0","53","7.5","88","Clear","22","3","42","0","0","0","low"
"2026-09-07T04:00:00+05:30","Malviya Nagar","24.7","0","53","8.4","96","Clear","24","5","41","0","0","0","low"
"2026-09-07T04:00:00+05:30","Sanganer","24.7","0","53","9.3","104","Clear","19","5","43","0","0","0","low"
"2026-09-07T04:00:00+05:30","C-Scheme","24.7","0","53","10.2","112","Clear","26","8","40","0","0","0","low"
"2026-09-07T04:00:00+05:30","Mansarovar","24.7","0","53","11.1","120","Clear","28","5","39","0","0","0","low"
"2026-09-07T05:00:00+05:30","Pink City","25.2","0","54","9.3","89","Clear","26","6","40","0","0","0","low"
"2026-09-07T05:00:00+05:30","Malviya Nagar","25.2","0","54","10.2","97","Clear","27","7","39","0","0","0","low"
"2026-09-07T05:00:00+05:30","Sanganer","25.2","0","54","11.1","105","Clear","21","7","42","1","1","0","low"
"2026-09-07T05:00:00+05:30","C-Scheme","25.2","0","54","12","113","Clear","29","6","39","0","0","0","low"
"2026-09-07T05:00:00+05:30","Mansarovar","25.2","0","54","12.9","121","Clear","31","7","38","0","0","0","low"
"2026-09-07T06:00:00+05:30","Pink City","25.8","0","54","11.1","95","Clear","36","10","36","0","0","0","low"
"2026-09-07T06:00:00+05:30","Malviya Nagar","25.8","0","54","12","103","Clear","36","12","36","0","0","0","low"
"2026-09-07T06:00:00+05:30","Sanganer","25.8","0","54","12.9","111","Clear","29","6","39","0","0","0","low"
"2026-09-07T06:00:00+05:30","C-Scheme","25.8","0","54","13.8","119","Clear","39","10","34","0","0","0","low"
"2026-09-07T06:00:00+05:30","Mansarovar","25.8","0","54","14.7","127","Clear","40","12","34","0","0","0","low"
"2026-09-07T07:00:00+05:30","Pink City","26.4","0","54","12.9","101","Clear","46","15","31","0","0","0","moderate"
"2026-09-07T07:00:00+05:30","Malviya Nagar","26.4","0","54","13.8","109","Clear","45","11","32","0","0","0","moderate"
"2026-09-07T07:00:00+05:30","Sanganer","26.4","0","54","14.7","117","Clear","38","10","35","0","0","0","low"
"2026-09-07T07:00:00+05:30","C-Scheme","26.4","0","54","15.6","125","Clear","50","15","30","0","0","0","moderate"
"2026-09-07T07:00:00+05:30","Mansarovar","26.6","2.7","61","16.5","133","Cloudy","49","16","30","0","0","0","moderate"
"2026-09-07T08:00:00+05:30","Pink City","27","0","53","14.7","109","Haze","60","16","25","0","0","0","high"
"2026-09-07T08:00:00+05:30","Malviya Nagar","27","0","53","15.6","117","Haze","56","16","27","1","1","0","moderate"
"2026-09-07T08:00:00+05:30","Sanganer","27","0","53","16.5","125","Haze","50","15","30","0","0","0","moderate"
"2026-09-07T08:00:00+05:30","C-Scheme","27","0","53","17.4","133","Haze","63","20","24","0","0","0","moderate"
"2026-09-07T08:00:00+05:30","Mansarovar","27","0","53","18.3","141","Haze","44","11","32","0","0","0","moderate"
"2026-09-07T09:00:00+05:30","Pink City","27.6","0","52","16.5","108","Clear","60","17","25","0","0","0","moderate"
"2026-09-07T09:00:00+05:30","Malviya Nagar","27.6","0","52","17.4","116","Clear","55","17","27","0","0","0","moderate"
"2026-09-07T09:00:00+05:30","Sanganer","27.6","0","52","18.3","124","Clear","50","16","30","0","0","0","moderate"
"2026-09-07T09:00:00+05:30","C-Scheme","27.9","3.8","62","7.5","132","Light Rain","47","12","31","0","0","0","moderate"
"2026-09-07T09:00:00+05:30","Mansarovar","27.6","0","52","8.4","140","Clear","42","11","33","0","0","0","moderate"
"2026-09-07T10:00:00+05:30","Pink City","28.1","0","51","18.3","102","Clear","55","17","27","0","0","0","moderate"
"2026-09-07T10:00:00+05:30","Malviya Nagar","28.1","0","51","7.5","110","Clear","48","15","30","0","0","0","moderate"
"2026-09-07T10:00:00+05:30","Sanganer","28.4","4.4","62","8.4","118","Light Rain","29","6","39","0","0","0","low"
"2026-09-07T10:00:00+05:30","C-Scheme","28.1","0","51","9.3","126","Clear","42","11","33","0","0","0","moderate"
"2026-09-07T10:00:00+05:30","Mansarovar","28.1","0","51","10.2","134","Clear","36","10","36","0","0","0","low"
"2026-09-07T11:00:00+05:30","Pink City","28.5","0","50","8.4","96","Clear","50","16","30","1","1","0","moderate"
"2026-09-07T11:00:00+05:30","Malviya Nagar","28.5","0","50","9.3","104","Clear","25","4","40","0","0","0","low"
"2026-09-07T11:00:00+05:30","Sanganer","28.9","4.9","62","10.2","112","Light Rain","25","5","40","0","0","0","low"
"2026-09-07T11:00:00+05:30","C-Scheme","28.5","0","50","11.1","120","Clear","37","11","35","0","0","0","moderate"
"2026-09-07T11:00:00+05:30","Mansarovar","28.5","0","50","12","128","Clear","29","9","39","0","0","0","low"
"2026-09-07T12:00:00+05:30","Pink City","28.7","0","48","10.2","94","Clear","32","7","37","0","0","0","low"
"2026-09-07T12:00:00+05:30","Malviya Nagar","28.8","0.5","49","11.1","102","Cloudy","24","5","41","0","0","0","low"
"2026-09-07T12:00:00+05:30","Sanganer","28.7","0","48","12","110","Clear","25","7","40","0","0","0","low"
"2026-09-07T12:00:00+05:30","C-Scheme","28.7","0","48","12.9","118","Clear","36","12","36","0","0","0","low"
"2026-09-07T12:00:00+05:30","Mansarovar","28.7","0","48","13.8","126","Clear","28","5","39","0","0","0","low"
"2026-09-07T13:00:00+05:30","Pink City","28.8","0","46","12","93","Clear","32","8","37","0","0","0","low"
"2026-09-07T13:00:00+05:30","Malviya Nagar","28.8","0","46","12.9","101","Clear","24","6","41","0","0","0","low"
"2026-09-07T13:00:00+05:30","Sanganer","28.8","0","46","13.8","109","Clear","26","8","40","0","0","0","low"
"2026-09-07T13:00:00+05:30","C-Scheme","28.8","0","46","14.7","117","Clear","36","8","36","0","0","0","low"
"2026-09-07T13:00:00+05:30","Mansarovar","28.8","0","46","15.6","125","Clear","28","6","39","0","0","0","low"
"2026-09-07T14:00:00+05:30","Pink City","28.8","1.6","49","13.8","94","Cloudy","34","10","36","0","0","0","low"
"2026-09-07T14:00:00+05:30","Malviya Nagar","28.7","0","45","14.7","102","Clear","26","8","40","0","0","0","low"
"2026-09-07T14:00:00+05:30","Sanganer","28.7","0","45","15.6","110","Clear","30","6","38","0","0","0","low"
"2026-09-07T14:00:00+05:30","C-Scheme","28.7","0","45","16.5","118","Clear","37","9","35","0","0","0","low"
"2026-09-07T14:00:00+05:30","Mansarovar","28.7","0","45","17.4","126","Clear","31","9","38","0","0","0","low"
"2026-09-07T15:00:00+05:30","Pink City","28.5","0","44","15.6","96","Clear","38","12","35","0","0","0","low"
"2026-09-07T15:00:00+05:30","Malviya Nagar","28.5","0","44","16.5","104","Clear","32","7","37","0","0","0","low"
"2026-09-07T15:00:00+05:30","Sanganer","28.5","0","44","17.4","112","Clear","35","9","36","0","0","0","low"
"2026-09-07T15:00:00+05:30","C-Scheme","28.5","0","44","18.3","120","Clear","41","12","33","0","0","0","low"
"2026-09-07T15:00:00+05:30","Mansarovar","28.5","0","44","7.5","128","Clear","36","12","36","2","2","0","low"
"2026-09-07T16:00:00+05:30","Pink City","28.1","0","43","17.4","102","Clear","46","11","31","0","0","0","moderate"
"2026-09-07T16:00:00+05:30","Malviya Nagar","28.1","0","43","18.3","110","Clear","42","11","33","0","0","0","moderate"
"2026-09-07T16:00:00+05:30","Sanganer","28.1","0","43","7.5","118","Clear","45","13","32","0","0","0","moderate"
"2026-09-07T16:00:00+05:30","C-Scheme","28.1","0","43","8.4","126","Clear","49","16","30","2","2","0","moderate"
"2026-09-07T16:00:00+05:30","Mansarovar","28.1","0","43","9.3","134","Clear","46","11","31","1","1","1","low"
"2026-09-07T17:00:00+05:30","Pink City","27.6","0","42","7.5","111","Haze","58","16","26","0","0","0","moderate"
"2026-09-07T17:00:00+05:30","Malviya Nagar","27.6","0","42","8.4","119","Haze","56","17","27","0","0","0","moderate"
"2026-09-07T17:00:00+05:30","Sanganer","27.6","0","42","9.3","127","Haze","58","19","26","2","2","0","moderate"
"2026-09-07T17:00:00+05:30","C-Scheme","27.6","0","42","10.2","135","Haze","62","16","24","0","0","0","moderate"
"2026-09-07T17:00:00+05:30","Mansarovar","27.6","0","42","11.1","143","Haze","44","12","32","0","0","0","moderate"
"2026-09-07T18:00:00+05:30","Pink City","27","0","42","9.3","115","Haze","65","20","23","0","0","0","high"
"2026-09-07T18:00:00+05:30","Malviya Nagar","27","0","42","10.2","123","Haze","64","21","23","2","2","0","high"
"2026-09-07T18:00:00+05:30","Sanganer","27","0","42","11.1","131","Haze","65","17","23","0","0","0","high"
"2026-09-07T18:00:00+05:30","C-Scheme","27","0","42","12","139","Haze","52","14","29","0","0","0","high"
"2026-09-07T18:00:00+05:30","Mansarovar","27","0","42","12.9","147","Haze","52","16","29","0","0","0","high"
"2026-09-07T19:00:00+05:30","Pink City","26.4","0","42","11.1","112","Haze","63","20","24","2","1","0","high"
"2026-09-07T19:00:00+05:30","Malviya Nagar","26.4","0","42","12","120","Haze","64","17","23","0","0","0","moderate"
"2026-09-07T19:00:00+05:30","Sanganer","26.4","0","42","12.9","128","Haze","46","12","31","0","0","0","moderate"
"2026-09-07T19:00:00+05:30","C-Scheme","26.4","0","42","13.8","136","Haze","50","15","30","1","0","0","moderate"
"2026-09-07T19:00:00+05:30","Mansarovar","26.4","0","42","14.7","144","Haze","52","17","29","0","0","0","moderate"
"2026-09-07T20:00:00+05:30","Pink City","25.8","0","43","12.9","105","Clear","55","14","27","0","0","0","moderate"
"2026-09-07T20:00:00+05:30","Malviya Nagar","25.8","0","43","13.8","113","Clear","41","11","33","0","0","0","moderate"
"2026-09-07T20:00:00+05:30","Sanganer","25.8","0","43","14.7","121","Clear","38","11","35","0","0","0","moderate"
"2026-09-07T20:00:00+05:30","C-Scheme","25.8","0","43","15.6","129","Clear","43","14","33","0","0","0","moderate"
"2026-09-07T20:00:00+05:30","Mansarovar","25.8","0","43","16.5","137","Clear","45","11","32","0","0","0","moderate"
"2026-09-07T21:00:00+05:30","Pink City","25.2","0","44","14.7","98","Clear","32","8","37","0","0","0","low"
"2026-09-07T21:00:00+05:30","Malviya Nagar","25.2","0","44","15.6","106","Clear","34","10","36","0","0","0","low"
"2026-09-07T21:00:00+05:30","Sanganer","25.2","0","44","16.5","114","Clear","30","10","38","0","0","0","low"
"2026-09-07T21:00:00+05:30","C-Scheme","25.2","0","44","17.4","122","Clear","36","8","36","0","0","0","low"
"2026-09-07T21:00:00+05:30","Mansarovar","25.2","0.5","45","18.3","130","Cloudy","38","10","35","0","0","0","low"
"2026-09-07T22:00:00+05:30","Pink City","24.7","0","45","16.5","93","Clear","29","8","39","0","0","0","low"
"2026-09-07T22:00:00+05:30","Malviya Nagar","24.7","0","45","17.4","101","Clear","30","10","38","0","0","0","low"
"2026-09-07T22:00:00+05:30","Sanganer","24.7","0","45","18.3","109","Clear","24","4","41","1","1","1","low"
"2026-09-07T22:00:00+05:30","C-Scheme","24.8","1","48","7.5","117","Cloudy","32","8","37","0","0","0","low"
"2026-09-07T22:00:00+05:30","Mansarovar","24.7","0","45","8.4","125","Clear","34","10","36","0","0","0","low"
"2026-09-07T23:00:00+05:30","Pink City","24.3","0","46","18.3","90","Clear","28","9","39","0","0","0","low"
"2026-09-07T23:00:00+05:30","Malviya Nagar","24.3","0","46","7.5","98","Clear","28","5","39","0","0","0","low"
"2026-09-07T23:00:00+05:30","Sanganer","24.3","0","46","8.4","106","Clear","22","4","42","0","0","0","low"
"2026-09-07T23:00:00+05:30","C-Scheme","24.4","1.6","50","9.3","114","Cloudy","32","9","37","0","0","0","low"
"2026-09-07T23:00:00+05:30","Mansarovar","24.3","0","46","10.2","122","Clear","32","10","37","0","0","0","low"
"2026-09-08T00:00:00+05:30","Pink City","24.6","0","48","14.7","94","Clear","34","7","36","0","0","0","low"
"2026-09-08T00:00:00+05:30","Malviya Nagar","24.6","0","48","15.6","102","Clear","36","9","36","0","0","0","low"
"2026-09-08T00:00:00+05:30","Sanganer","24.6","0","48","16.5","110","Clear","14","3","45","0","0","0","low"
"2026-09-08T00:00:00+05:30","C-Scheme","24.6","0","48","17.4","118","Clear","22","7","42","0","0","0","low"
"2026-09-08T00:00:00+05:30","Mansarovar","24.6","0","48","18.3","126","Clear","24","4","41","0","0","0","low"
"2026-09-08T01:00:00+05:30","Pink City","24.6","0","50","16.5","94","Clear","36","9","36","0","0","0","low"
"2026-09-08T01:00:00+05:30","Malviya Nagar","24.6","0","50","17.4","102","Clear","21","5","42","0","0","0","low"
"2026-09-08T01:00:00+05:30","Sanganer","24.6","0","50","18.3","110","Clear","14","4","45","0","0","0","low"
"2026-09-08T01:00:00+05:30","C-Scheme","24.6","0","50","7.5","118","Clear","24","4","41","1","1","1","low"
"2026-09-08T01:00:00+05:30","Mansarovar","24.6","0","50","8.4","126","Clear","25","5","40","0","0","0","low"
"2026-09-08T02:00:00+05:30","Pink City","24.6","0","51","18.3","94","Clear","23","6","41","0","0","0","low"
"2026-09-08T02:00:00+05:30","Malviya Nagar","24.6","0","51","7.5","102","Clear","22","7","42","0","0","0","low"
"2026-09-08T02:00:00+05:30","Sanganer","24.6","0","51","8.4","110","Clear","15","1","45","0","0","0","low"
"2026-09-08T02:00:00+05:30","C-Scheme","24.6","0","51","9.3","118","Clear","26","6","40","0","0","0","low"
"2026-09-08T02:00:00+05:30","Mansarovar","24.6","0","51","10.2","126","Clear","26","7","40","0","0","0","low"
"2026-09-08T03:00:00+05:30","Pink City","24.9","0","52","8.4","93","Clear","25","8","40","0","0","0","low"
"2026-09-08T03:00:00+05:30","Malviya Nagar","24.9","0","52","9.3","101","Clear","22","3","42","0","0","0","low"
"2026-09-08T03:00:00+05:30","Sanganer","24.9","0","52","10.2","109","Clear","16","3","44","0","0","0","low"
"2026-09-08T03:00:00+05:30","C-Scheme","24.9","0","52","11.1","117","Clear","29","8","39","0","0","0","low"
"2026-09-08T03:00:00+05:30","Mansarovar","24.9","0","52","12","125","Clear","26","8","40","0","0","0","low"
"2026-09-08T04:00:00+05:30","Pink City","25.3","0","53","10.2","94","Clear","28","5","39","0","0","0","low"
"2026-09-08T04:00:00+05:30","Malviya Nagar","25.3","0","53","11.1","102","Clear","24","5","41","0","0","0","low"
"2026-09-08T04:00:00+05:30","Sanganer","25.3","0","53","12","110","Clear","19","5","43","1","1","0","low"
"2026-09-08T04:00:00+05:30","C-Scheme","25.3","0","53","12.9","118","Clear","32","10","37","0","0","0","low"
"2026-09-08T04:00:00+05:30","Mansarovar","25.3","0","53","13.8","126","Clear","28","5","39","0","0","0","low"
"2026-09-08T05:00:00+05:30","Pink City","25.8","0","54","12","94","Clear","32","8","37","0","0","0","low"
"2026-09-08T05:00:00+05:30","Malviya Nagar","25.8","0","54","12.9","102","Clear","25","7","40","0","0","0","low"
"2026-09-08T05:00:00+05:30","Sanganer","25.8","0","54","13.8","110","Clear","22","7","42","0","0","0","low"
"2026-09-08T05:00:00+05:30","C-Scheme","25.8","0","54","14.7","118","Clear","35","8","36","0","0","0","low"
"2026-09-08T05:00:00+05:30","Mansarovar","25.9","2.2","59","15.6","126","Cloudy","29","7","39","0","0","0","low"
"2026-09-08T06:00:00+05:30","Pink City","26.3","0","54","13.8","100","Clear","41","12","33","0","0","0","moderate"
"2026-09-08T06:00:00+05:30","Malviya Nagar","26.3","0","54","14.7","108","Clear","33","11","37","0","0","0","low"
"2026-09-08T06:00:00+05:30","Sanganer","26.3","0","54","15.6","116","Clear","32","7","37","0","0","0","low"
"2026-09-08T06:00:00+05:30","C-Scheme","26.5","2.7","61","16.5","124","Cloudy","44","12","32","0","0","0","low"
"2026-09-08T06:00:00+05:30","Mansarovar","26.3","0","54","17.4","132","Clear","38","11","35","0","0","0","low"
"2026-09-08T07:00:00+05:30","Pink City","27","0","54","15.6","106","Clear","50","16","30","0","0","0","moderate"
"2026-09-08T07:00:00+05:30","Malviya Nagar","27","0","54","16.5","114","Clear","42","10","33","1","1","1","low"
"2026-09-08T07:00:00+05:30","Sanganer","27","0","54","17.4","122","Clear","42","11","33","0","0","0","low"
"2026-09-08T07:00:00+05:30","C-Scheme","27.2","3.2","62","18.3","130","Light Rain","54","16","28","0","0","0","moderate"
"2026-09-08T07:00:00+05:30","Mansarovar","27","0","54","7.5","138","Clear","30","10","38","0","0","0","low"
"2026-09-08T08:00:00+05:30","Pink City","27.6","0","53","17.4","114","Haze","62","16","24","0","0","0","high"
"2026-09-08T08:00:00+05:30","Malviya Nagar","27.6","0","53","18.3","122","Haze","54","15","28","0","0","0","moderate"
"2026-09-08T08:00:00+05:30","Sanganer","27.9","3.8","63","7.5","130","Light Rain","56","17","27","0","0","0","moderate"
"2026-09-08T08:00:00+05:30","C-Scheme","27.6","0","53","8.4","138","Haze","49","16","30","0","0","0","moderate"
"2026-09-08T08:00:00+05:30","Mansarovar","27.6","0","53","9.3","146","Haze","42","10","33","0","0","0","moderate"
"2026-09-08T09:00:00+05:30","Pink City","28.2","0","52","7.5","112","Clear","61","17","25","0","0","0","moderate"
"2026-09-08T09:00:00+05:30","Malviya Nagar","28.2","0","52","8.4","120","Clear","53","16","28","0","0","0","moderate"
"2026-09-08T09:00:00+05:30","Sanganer","28.2","0","52","9.3","128","Clear","40","13","34","0","0","0","moderate"
"2026-09-08T09:00:00+05:30","C-Scheme","28.2","0","52","10.2","136","Clear","48","12","30","0","0","0","moderate"
"2026-09-08T09:00:00+05:30","Mansarovar","28.2","0","52","11.1","144","Clear","41","11","33","0","0","0","moderate"
"2026-09-08T10:00:00+05:30","Pink City","28.6","0","51","9.3","107","Clear","54","16","28","1","1","0","moderate"
"2026-09-08T10:00:00+05:30","Malviya Nagar","29","4.9","63","10.2","115","Light Rain","32","10","37","0","0","0","low"
"2026-09-08T10:00:00+05:30","Sanganer","28.6","0","51","11.1","123","Clear","35","8","36","0","0","0","moderate"
"2026-09-08T10:00:00+05:30","C-Scheme","28.6","0","51","12","131","Clear","42","11","33","0","0","0","moderate"
"2026-09-08T10:00:00+05:30","Mansarovar","28.6","0","51","12.9","139","Clear","36","10","36","0","0","0","low"
"2026-09-08T11:00:00+05:30","Pink City","29.1","0.5","51","11.1","101","Cloudy","32","10","37","0","0","0","low"
"2026-09-08T11:00:00+05:30","Malviya Nagar","29","0","50","12","109","Clear","27","5","39","0","0","0","low"
"2026-09-08T11:00:00+05:30","Sanganer","29","0","50","12.9","117","Clear","30","7","38","0","0","0","low"
"2026-09-08T11:00:00+05:30","C-Scheme","29","0","50","13.8","125","Clear","35","10","36","0","0","0","low"
"2026-09-08T11:00:00+05:30","Mansarovar","29","0","50","14.7","133","Clear","31","10","38","0","0","0","low"
"2026-09-08T12:00:00+05:30","Pink City","29.3","1","50","12.9","99","Cloudy","30","6","38","0","0","0","low"
"2026-09-08T12:00:00+05:30","Malviya Nagar","29.3","0","48","13.8","107","Clear","27","6","39","0","0","0","low"
"2026-09-08T12:00:00+05:30","Sanganer","29.3","0","48","14.7","115","Clear","30","8","38","0","0","0","low"
"2026-09-08T12:00:00+05:30","C-Scheme","29.3","0","48","15.6","123","Clear","33","11","37","0","0","0","low"
"2026-09-08T12:00:00+05:30","Mansarovar","29.3","0","48","16.5","131","Clear","31","6","38","0","0","0","low"
"2026-09-08T13:00:00+05:30","Pink City","29.4","0","46","14.7","98","Clear","30","7","38","0","0","0","low"
"2026-09-08T13:00:00+05:30","Malviya Nagar","29.4","0","46","15.6","106","Clear","28","8","39","0","0","0","low"
"2026-09-08T13:00:00+05:30","Sanganer","29.4","0","46","16.5","114","Clear","30","10","38","0","0","0","low"
"2026-09-08T13:00:00+05:30","C-Scheme","29.4","0","46","17.4","122","Clear","33","7","37","0","0","0","low"
"2026-09-08T13:00:00+05:30","Mansarovar","29.4","0","46","18.3","130","Clear","33","8","37","2","1","0","low"
"2026-09-08T14:00:00+05:30","Pink City","29.3","0","45","16.5","98","Clear","32","9","37","0","0","0","low"
"2026-09-08T14:00:00+05:30","Malviya Nagar","29.3","0","45","17.4","106","Clear","32","10","37","0","0","0","low"
"2026-09-08T14:00:00+05:30","Sanganer","29.3","0","45","18.3","114","Clear","32","7","37","0","0","0","low"
"2026-09-08T14:00:00+05:30","C-Scheme","29.3","0","45","7.5","122","Clear","35","9","36","2","2","0","low"
"2026-09-08T14:00:00+05:30","Mansarovar","29.3","0","45","8.4","130","Clear","36","10","36","0","0","0","low"
"2026-09-08T15:00:00+05:30","Pink City","29","0","44","18.3","101","Clear","37","12","35","0","0","0","low"
"2026-09-08T15:00:00+05:30","Malviya Nagar","29","0","44","7.5","109","Clear","38","9","35","0","0","0","low"
"2026-09-08T15:00:00+05:30","Sanganer","29","0","44","8.4","117","Clear","36","9","36","2","2","0","low"
"2026-09-08T15:00:00+05:30","C-Scheme","29","0","44","9.3","125","Clear","40","12","34","0","0","0","low"
"2026-09-08T15:00:00+05:30","Mansarovar","29","0","44","10.2","133","Clear","42","14","33","1","1","0","low"
"2026-09-08T16:00:00+05:30","Pink City","28.6","0","43","8.4","107","Clear","46","11","31","0","0","0","moderate"
"2026-09-08T16:00:00+05:30","Malviya Nagar","28.6","0","43","9.3","115","Clear","48","13","30","2","2","0","moderate"
"2026-09-08T16:00:00+05:30","Sanganer","28.6","0","43","10.2","123","Clear","44","13","32","0","0","0","low"
"2026-09-08T16:00:00+05:30","C-Scheme","28.6","0","43","11.1","131","Clear","50","16","30","0","0","0","moderate"
"2026-09-08T16:00:00+05:30","Mansarovar","28.6","0","43","12","139","Clear","36","8","36","0","0","0","moderate"
"2026-09-08T17:00:00+05:30","Pink City","28.2","0","42","10.2","116","Haze","60","17","25","2","2","0","moderate"
"2026-09-08T17:00:00+05:30","Malviya Nagar","28.2","0","42","11.1","124","Haze","62","19","24","0","0","0","moderate"
"2026-09-08T17:00:00+05:30","Sanganer","28.2","0","42","12","132","Haze","56","18","27","0","0","0","moderate"
"2026-09-08T17:00:00+05:30","C-Scheme","28.2","0","42","12.9","140","Haze","48","12","30","0","0","0","moderate"
"2026-09-08T17:00:00+05:30","Mansarovar","28.2","0","42","13.8","148","Haze","50","14","30","0","0","0","moderate"
"2026-09-08T18:00:00+05:30","Pink City","27.6","0","42","12","120","Haze","68","21","22","0","0","0","high"
"2026-09-08T18:00:00+05:30","Malviya Nagar","27.6","0","42","12.9","128","Haze","69","22","21","0","0","0","high"
"2026-09-08T18:00:00+05:30","Sanganer","27.6","0","42","13.8","136","Haze","46","11","31","0","0","0","moderate"
"2026-09-08T18:00:00+05:30","C-Scheme","27.6","0","42","14.7","144","Haze","56","16","27","1","0","0","high"
"2026-09-08T18:00:00+05:30","Mansarovar","27.9","4.4","53","15.6","152","Light Rain","56","17","27","0","0","0","high"
"2026-09-08T19:00:00+05:30","Pink City","27","0","42","13.8","118","Haze","68","22","22","0","0","0","high"
"2026-09-08T19:00:00+05:30","Malviya Nagar","27","0","42","14.7","126","Haze","51","13","29","0","0","0","high"
"2026-09-08T19:00:00+05:30","Sanganer","27","0","42","15.6","134","Haze","44","12","32","0","0","0","moderate"
"2026-09-08T19:00:00+05:30","C-Scheme","27","0","42","16.5","142","Haze","55","17","27","0","0","0","high"
"2026-09-08T19:00:00+05:30","Mansarovar","27.3","4.9","54","17.4","150","Light Rain","55","18","27","0","0","0","moderate"
"2026-09-08T20:00:00+05:30","Pink City","26.3","0","43","15.6","110","Clear","45","11","32","0","0","0","moderate"
"2026-09-08T20:00:00+05:30","Malviya Nagar","26.3","0","43","16.5","118","Clear","42","11","33","0","0","0","moderate"
"2026-09-08T20:00:00+05:30","Sanganer","26.3","0","43","17.4","126","Clear","36","10","36","0","0","0","low"
"2026-09-08T20:00:00+05:30","C-Scheme","26.4","0.5","44","18.3","134","Cloudy","48","15","30","0","0","0","moderate"
"2026-09-08T20:00:00+05:30","Mansarovar","26.3","0","43","7.5","142","Clear","46","11","31","0","0","0","moderate"
"2026-09-08T21:00:00+05:30","Pink City","25.8","0","44","17.4","103","Clear","39","10","34","0","0","0","moderate"
"2026-09-08T21:00:00+05:30","Malviya Nagar","25.8","0","44","18.3","111","Clear","34","10","36","0","0","0","low"
"2026-09-08T21:00:00+05:30","Sanganer","25.8","0","44","7.5","119","Clear","29","9","39","1","1","0","low"
"2026-09-08T21:00:00+05:30","C-Scheme","25.8","0","44","8.4","127","Clear","42","10","33","0","0","0","moderate"
"2026-09-08T21:00:00+05:30","Mansarovar","25.8","0","44","9.3","135","Clear","38","10","35","0","0","0","low"
"2026-09-08T22:00:00+05:30","Pink City","25.3","0","45","7.5","98","Clear","35","10","36","0","0","0","low"
"2026-09-08T22:00:00+05:30","Malviya Nagar","25.3","0","45","8.4","106","Clear","28","9","39","0","0","0","low"
"2026-09-08T22:00:00+05:30","Sanganer","25.4","1.6","49","9.3","114","Cloudy","25","4","40","0","0","0","low"
"2026-09-08T22:00:00+05:30","C-Scheme","25.3","0","45","10.2","122","Clear","38","10","35","0","0","0","low"
"2026-09-08T22:00:00+05:30","Mansarovar","25.3","0","45","11.1","130","Clear","32","9","37","0","0","0","low"
"2026-09-08T23:00:00+05:30","Pink City","24.9","0","46","9.3","96","Clear","33","11","37","0","0","0","low"
"2026-09-08T23:00:00+05:30","Malviya Nagar","25","2.2","52","10.2","104","Cloudy","26","5","40","0","0","0","low"
"2026-09-08T23:00:00+05:30","Sanganer","24.9","0","46","11.1","112","Clear","24","5","41","0","0","0","low"
"2026-09-08T23:00:00+05:30","C-Scheme","24.9","0","46","12","120","Clear","37","11","35","0","0","0","low"
"2026-09-08T23:00:00+05:30","Mansarovar","24.9","0","46","12.9","128","Clear","30","10","38","0","0","0","low"
"2026-09-09T00:00:00+05:30","Pink City","25.2","0","48","17.4","79","Clear","40","9","34","0","0","0","low"
"2026-09-09T00:00:00+05:30","Malviya Nagar","25.2","0","48","18.3","87","Clear","18","3","43","0","0","0","low"
"2026-09-09T00:00:00+05:30","Sanganer","25.2","0","48","7.5","95","Clear","14","3","45","0","0","0","low"
"2026-09-09T00:00:00+05:30","C-Scheme","25.2","0","48","8.4","103","Clear","28","9","39","1","1","0","low"
"2026-09-09T00:00:00+05:30","Mansarovar","25.2","0","48","9.3","111","Clear","22","3","42","0","0","0","low"
"2026-09-09T01:00:00+05:30","Pink City","25.1","0","50","7.5","79","Clear","26","6","40","0","0","0","low"
"2026-09-09T01:00:00+05:30","Malviya Nagar","25.1","0","50","8.4","87","Clear","19","5","43","0","0","0","low"
"2026-09-09T01:00:00+05:30","Sanganer","25.1","0","50","9.3","95","Clear","16","5","44","0","0","0","low"
"2026-09-09T01:00:00+05:30","C-Scheme","25.1","0","50","10.2","103","Clear","29","6","39","0","0","0","low"
"2026-09-09T01:00:00+05:30","Mansarovar","25.1","0","50","11.1","111","Clear","23","5","41","0","0","0","low"
"2026-09-09T02:00:00+05:30","Pink City","25.2","0","51","9.3","78","Clear","27","7","39","0","0","0","low"
"2026-09-09T02:00:00+05:30","Malviya Nagar","25.2","0","51","10.2","86","Clear","19","6","43","0","0","0","low"
"2026-09-09T02:00:00+05:30","Sanganer","25.2","0","51","11.1","94","Clear","19","2","43","0","0","0","low"
"2026-09-09T02:00:00+05:30","C-Scheme","25.2","0","51","12","102","Clear","31","7","38","0","0","0","low"
"2026-09-09T02:00:00+05:30","Mansarovar","25.3","1","54","12.9","110","Cloudy","23","6","41","0","0","0","low"
"2026-09-09T03:00:00+05:30","Pink City","25.4","0","52","11.1","78","Clear","28","9","39","0","0","0","low"
"2026-09-09T03:00:00+05:30","Malviya Nagar","25.4","0","52","12","86","Clear","20","3","42","0","0","0","low"
"2026-09-09T03:00:00+05:30","Sanganer","25.4","0","52","12.9","94","Clear","21","4","42","1","1","0","low"
"2026-09-09T03:00:00+05:30","C-Scheme","25.4","0","52","13.8","102","Clear","32","9","37","0","0","0","low"
"2026-09-09T03:00:00+05:30","Mansarovar","25.5","1.6","56","14.7","110","Cloudy","24","8","41","0","0","0","low"
"2026-09-09T04:00:00+05:30","Pink City","25.8","0","53","12.9","78","Clear","30","6","38","0","0","0","low"
"2026-09-09T04:00:00+05:30","Malviya Nagar","25.8","0","53","13.8","86","Clear","22","4","42","0","0","0","low"
"2026-09-09T04:00:00+05:30","Sanganer","25.8","0","53","14.7","94","Clear","24","6","41","0","0","0","low"
"2026-09-09T04:00:00+05:30","C-Scheme","26","2.2","59","15.6","102","Cloudy","33","11","37","0","0","0","low"
"2026-09-09T04:00:00+05:30","Mansarovar","25.8","0","53","16.5","110","Clear","26","5","40","0","0","0","low"
"2026-09-09T05:00:00+05:30","Pink City","26.3","0","54","14.7","79","Clear","32","8","37","0","0","0","low"
"2026-09-09T05:00:00+05:30","Malviya Nagar","26.3","0","54","15.6","87","Clear","25","7","40","0","0","0","low"
"2026-09-09T05:00:00+05:30","Sanganer","26.3","0","54","16.5","95","Clear","28","9","39","0","0","0","low"
"2026-09-09T05:00:00+05:30","C-Scheme","26.3","0","54","17.4","103","Clear","35","8","36","0","0","0","low"
"2026-09-09T05:00:00+05:30","Mansarovar","26.3","0","54","18.3","111","Clear","29","7","39","0","0","0","low"
"2026-09-09T06:00:00+05:30","Pink City","26.9","0","54","16.5","85","Clear","40","12","34","0","0","0","low"
"2026-09-09T06:00:00+05:30","Malviya Nagar","26.9","0","54","17.4","93","Clear","34","11","36","1","1","0","low"
"2026-09-09T06:00:00+05:30","Sanganer","27.1","3.2","62","18.3","101","Light Rain","38","9","35","0","0","0","low"
"2026-09-09T06:00:00+05:30","C-Scheme","26.9","0","54","7.5","109","Clear","43","11","33","0","0","0","low"
"2026-09-09T06:00:00+05:30","Mansarovar","26.9","0","54","8.4","117","Clear","22","6","42","0","0","0","low"
"2026-09-09T07:00:00+05:30","Pink City","27.5","0","54","18.3","91","Clear","48","15","30","0","0","0","moderate"
"2026-09-09T07:00:00+05:30","Malviya Nagar","27.8","3.8","63","7.5","99","Light Rain","45","11","32","0","0","0","low"
"2026-09-09T07:00:00+05:30","Sanganer","27.5","0","54","8.4","107","Clear","48","13","30","0","0","0","moderate"
"2026-09-09T07:00:00+05:30","C-Scheme","27.5","0","54","9.3","115","Clear","35","10","36","0","0","0","moderate"
"2026-09-09T07:00:00+05:30","Mansarovar","27.5","0","54","10.2","123","Clear","32","10","37","0","0","0","low"
"2026-09-09T08:00:00+05:30","Pink City","28.1","0","53","8.4","99","Haze","59","16","26","0","0","0","moderate"
"2026-09-09T08:00:00+05:30","Malviya Nagar","28.5","4.4","64","9.3","107","Light Rain","58","16","26","0","0","0","moderate"
"2026-09-09T08:00:00+05:30","Sanganer","28.1","0","53","10.2","115","Haze","43","13","33","0","0","0","moderate"
"2026-09-09T08:00:00+05:30","C-Scheme","28.1","0","53","11.1","123","Haze","46","15","31","0","0","0","moderate"
"2026-09-09T08:00:00+05:30","Mansarovar","28.1","0","53","12","131","Haze","46","11","31","0","0","0","moderate"
"2026-09-09T09:00:00+05:30","Pink City","29.1","4.9","64","10.2","98","Light Rain","59","17","26","1","1","0","moderate"
"2026-09-09T09:00:00+05:30","Malviya Nagar","28.7","0","52","11.1","106","Clear","42","12","33","0","0","0","moderate"
"2026-09-09T09:00:00+05:30","Sanganer","28.7","0","52","12","114","Clear","43","14","33","0","0","0","moderate"
"2026-09-09T09:00:00+05:30","C-Scheme","28.7","0","52","12.9","122","Clear","46","11","31","0","0","0","moderate"
"2026-09-09T09:00:00+05:30","Mansarovar","28.7","0","52","13.8","130","Clear","46","12","31","0","0","0","moderate"
"2026-09-09T10:00:00+05:30","Pink City","29.2","0","51","12","92","Clear","37","11","35","0","0","0","moderate"
"2026-09-09T10:00:00+05:30","Malviya Nagar","29.2","0","51","12.9","100","Clear","38","12","35","0","0","0","moderate"
"2026-09-09T10:00:00+05:30","Sanganer","29.2","0","51","13.8","108","Clear","36","8","36","0","0","0","low"
"2026-09-09T10:00:00+05:30","C-Scheme","29.2","0","51","14.7","116","Clear","40","10","34","0","0","0","moderate"
"2026-09-09T10:00:00+05:30","Mansarovar","29.2","0","51","15.6","124","Clear","42","12","33","0","0","0","moderate"
"2026-09-09T11:00:00+05:30","Pink City","29.6","0","50","13.8","86","Clear","31","10","38","0","0","0","low"
"2026-09-09T11:00:00+05:30","Malviya Nagar","29.6","0","50","14.7","94","Clear","33","7","37","0","0","0","low"
"2026-09-09T11:00:00+05:30","Sanganer","29.6","0","50","15.6","102","Clear","30","7","38","0","0","0","low"
"2026-09-09T11:00:00+05:30","C-Scheme","29.6","0","50","16.5","110","Clear","35","10","36","0","0","0","low"
"2026-09-09T11:00:00+05:30","Mansarovar","29.6","0","50","17.4","118","Clear","37","12","35","2","2","0","low"
"2026-09-09T12:00:00+05:30","Pink City","29.8","0","48","15.6","84","Clear","31","6","38","0","0","0","low"
"2026-09-09T12:00:00+05:30","Malviya Nagar","29.8","0","48","16.5","92","Clear","33","8","37","0","0","0","low"
"2026-09-09T12:00:00+05:30","Sanganer","29.8","0","48","17.4","100","Clear","28","8","39","0","0","0","low"
"2026-09-09T12:00:00+05:30","C-Scheme","29.8","0","48","18.3","108","Clear","35","11","36","2","1","0","low"
"2026-09-09T12:00:00+05:30","Mansarovar","29.8","0","48","7.5","116","Clear","37","8","35","0","0","0","low"
"2026-09-09T13:00:00+05:30","Pink City","29.9","0","46","17.4","83","Clear","32","8","37","0","0","0","low"
"2026-09-09T13:00:00+05:30","Malviya Nagar","29.9","0","46","18.3","91","Clear","33","9","37","0","0","0","low"
"2026-09-09T13:00:00+05:30","Sanganer","29.9","0","46","7.5","99","Clear","27","9","39","2","2","0","low"
"2026-09-09T13:00:00+05:30","C-Scheme","29.9","0","46","8.4","107","Clear","36","8","36","0","0","0","low"
"2026-09-09T13:00:00+05:30","Mansarovar","29.9","0","46","9.3","115","Clear","37","9","35","0","0","0","low"
"2026-09-09T14:00:00+05:30","Pink City","29.8","0","45","7.5","84","Clear","36","10","36","0","0","0","low"
"2026-09-09T14:00:00+05:30","Malviya Nagar","29.8","0","45","8.4","92","Clear","36","12","36","2","2","0","low"
"2026-09-09T14:00:00+05:30","Sanganer","29.8","0","45","9.3","100","Clear","29","6","39","0","0","0","low"
"2026-09-09T14:00:00+05:30","C-Scheme","29.8","0","45","10.2","108","Clear","40","10","34","0","0","0","low"
"2026-09-09T14:00:00+05:30","Mansarovar","29.8","0","45","11.1","116","Clear","40","12","34","1","1","0","low"
"2026-09-09T15:00:00+05:30","Pink City","29.6","0","44","9.3","86","Clear","42","14","33","2","2","0","moderate"
"2026-09-09T15:00:00+05:30","Malviya Nagar","29.6","0","44","10.2","94","Clear","40","9","34","0","0","0","low"
"2026-09-09T15:00:00+05:30","Sanganer","29.6","0","44","11.1","102","Clear","34","8","36","0","0","0","low"
"2026-09-09T15:00:00+05:30","C-Scheme","29.6","0","44","12","110","Clear","46","14","31","0","0","0","low"
"2026-09-09T15:00:00+05:30","Mansarovar","29.6","0","44","12.9","118","Clear","28","9","39","0","0","0","low"
"2026-09-09T16:00:00+05:30","Pink City","29.2","0","43","11.1","92","Clear","52","13","29","0","0","0","moderate"
"2026-09-09T16:00:00+05:30","Malviya Nagar","29.2","0","43","12","100","Clear","48","13","30","0","0","0","moderate"
"2026-09-09T16:00:00+05:30","Sanganer","29.2","0","43","12.9","108","Clear","43","13","33","0","0","0","low"
"2026-09-09T16:00:00+05:30","C-Scheme","29.2","0","43","13.8","116","Clear","40","13","34","0","0","0","moderate"
"2026-09-09T16:00:00+05:30","Mansarovar","29.5","3.8","52","14.7","124","Light Rain","36","8","36","0","0","0","moderate"
"2026-09-09T17:00:00+05:30","Pink City","28.7","0","42","12.9","101","Haze","66","19","23","0","0","0","high"
"2026-09-09T17:00:00+05:30","Malviya Nagar","28.7","0","42","13.8","109","Haze","61","19","25","0","0","0","moderate"
"2026-09-09T17:00:00+05:30","Sanganer","28.7","0","42","14.7","117","Haze","41","13","33","0","0","0","moderate"
"2026-09-09T17:00:00+05:30","C-Scheme","28.7","0","42","15.6","125","Haze","54","14","28","1","0","1","high"
"2026-09-09T17:00:00+05:30","Mansarovar","28.7","0","42","16.5","133","Haze","49","13","30","0","0","0","moderate"
"2026-09-09T18:00:00+05:30","Pink City","28.1","0","42","14.7","105","Haze","74","23","19","0","0","0","high"
"2026-09-09T18:00:00+05:30","Malviya Nagar","28.1","0","42","15.6","113","Haze","50","16","30","0","0","0","high"
"2026-09-09T18:00:00+05:30","Sanganer","28.1","0","42","16.5","121","Haze","48","12","30","0","0","0","moderate"
"2026-09-09T18:00:00+05:30","C-Scheme","28.5","4.9","54","17.4","129","Light Rain","61","17","25","0","0","0","high"
"2026-09-09T18:00:00+05:30","Mansarovar","28.1","0","42","18.3","137","Haze","54","16","28","0","0","0","moderate"
"2026-09-09T19:00:00+05:30","Pink City","27.5","0","42","16.5","102","Haze","56","18","27","0","0","0","high"
"2026-09-09T19:00:00+05:30","Malviya Nagar","27.5","0","42","17.4","110","Haze","48","12","30","0","0","0","moderate"
"2026-09-09T19:00:00+05:30","Sanganer","27.5","0.5","43","18.3","118","Cloudy","48","13","30","0","0","0","moderate"
"2026-09-09T19:00:00+05:30","C-Scheme","27.5","0","42","7.5","126","Haze","60","18","25","0","0","0","high"
"2026-09-09T19:00:00+05:30","Mansarovar","27.5","0","42","8.4","134","Haze","52","17","29","0","0","0","moderate"
"2026-09-09T20:00:00+05:30","Pink City","26.9","0","43","18.3","95","Clear","48","12","30","0","0","0","moderate"
"2026-09-09T20:00:00+05:30","Malviya Nagar","26.9","0","43","7.5","103","Clear","40","10","34","0","0","0","moderate"
"2026-09-09T20:00:00+05:30","Sanganer","27","1","45","8.4","111","Cloudy","41","12","33","1","1","0","moderate"
"2026-09-09T20:00:00+05:30","C-Scheme","26.9","0","43","9.3","119","Clear","51","16","29","0","0","0","moderate"
"2026-09-09T20:00:00+05:30","Mansarovar","26.9","0","43","10.2","127","Clear","44","11","32","0","0","0","moderate"
"2026-09-09T21:00:00+05:30","Pink City","26.3","0","44","8.4","88","Clear","40","10","34","0","0","0","moderate"
"2026-09-09T21:00:00+05:30","Malviya Nagar","26.4","1.6","48","9.3","96","Cloudy","32","9","37","0","0","0","low"
"2026-09-09T21:00:00+05:30","Sanganer","26.3","0","44","10.2","104","Clear","35","11","36","0","0","0","low"
"2026-09-09T21:00:00+05:30","C-Scheme","26.3","0","44","11.1","112","Clear","44","11","32","0","0","0","moderate"
"2026-09-09T21:00:00+05:30","Mansarovar","26.3","0","44","12","120","Clear","36","9","36","0","0","0","low"
"2026-09-09T22:00:00+05:30","Pink City","25.8","0","45","10.2","83","Clear","34","10","36","0","0","0","low"
"2026-09-09T22:00:00+05:30","Malviya Nagar","25.8","0","45","11.1","91","Clear","28","9","39","0","0","0","low"
"2026-09-09T22:00:00+05:30","Sanganer","25.8","0","45","12","99","Clear","31","6","38","0","0","0","low"
"2026-09-09T22:00:00+05:30","C-Scheme","25.8","0","45","12.9","107","Clear","38","10","35","0","0","0","low"
"2026-09-09T22:00:00+05:30","Mansarovar","25.8","0","45","13.8","115","Clear","32","9","37","0","0","0","low"
"2026-09-09T23:00:00+05:30","Pink City","25.6","2.7","53","12","80","Cloudy","32","10","37","0","0","0","low"
"2026-09-09T23:00:00+05:30","Malviya Nagar","25.4","0","46","12.9","88","Clear","27","5","39","1","1","1","low"
"2026-09-09T23:00:00+05:30","Sanganer","25.4","0","46","13.8","96","Clear","30","7","38","0","0","0","low"
"2026-09-09T23:00:00+05:30","C-Scheme","25.4","0","46","14.7","104","Clear","36","10","36","0","0","0","low"
"2026-09-09T23:00:00+05:30","Mansarovar","25.4","0","46","15.6","112","Clear","31","10","38","0","0","0","low"
"2026-09-10T00:00:00+05:30","Pink City","25.7","0","48","8.4","84","Clear","25","4","40","0","0","0","low"
"2026-09-10T00:00:00+05:30","Malviya Nagar","25.7","0","48","9.3","92","Clear","17","3","44","0","0","0","low"
"2026-09-10T00:00:00+05:30","Sanganer","25.7","0","48","10.2","100","Clear","21","5","42","0","0","0","low"
"2026-09-10T00:00:00+05:30","C-Scheme","25.7","0","48","11.1","108","Clear","28","9","39","0","0","0","low"
"2026-09-10T00:00:00+05:30","Mansarovar","25.8","0.5","49","12","116","Cloudy","22","3","42","0","0","0","low"
"2026-09-10T01:00:00+05:30","Pink City","25.6","0","50","10.2","84","Clear","25","5","40","0","0","0","low"
"2026-09-10T01:00:00+05:30","Malviya Nagar","25.6","0","50","11.1","92","Clear","19","5","43","0","0","0","low"
"2026-09-10T01:00:00+05:30","Sanganer","25.6","0","50","12","100","Clear","22","7","42","0","0","0","low"
"2026-09-10T01:00:00+05:30","C-Scheme","25.6","0","50","12.9","108","Clear","28","5","39","0","0","0","low"
"2026-09-10T01:00:00+05:30","Mansarovar","25.6","0","50","13.8","116","Clear","23","5","41","0","0","0","low"
"2026-09-10T02:00:00+05:30","Pink City","25.7","0","51","12","84","Clear","25","7","40","0","0","0","low"
"2026-09-10T02:00:00+05:30","Malviya Nagar","25.7","0","51","12.9","92","Clear","21","7","42","0","0","0","low"
"2026-09-10T02:00:00+05:30","Sanganer","25.7","0","51","13.8","100","Clear","24","4","41","1","1","1","low"
"2026-09-10T02:00:00+05:30","C-Scheme","25.9","1.6","55","14.7","108","Cloudy","29","7","39","0","0","0","low"
"2026-09-10T02:00:00+05:30","Mansarovar","25.7","0","51","15.6","116","Clear","25","7","40","0","0","0","low"
"2026-09-10T03:00:00+05:30","Pink City","26","0","52","13.8","83","Clear","26","8","40","0","0","0","low"
"2026-09-10T03:00:00+05:30","Malviya Nagar","26","0","52","14.7","91","Clear","23","4","41","0","0","0","low"
"2026-09-10T03:00:00+05:30","Sanganer","26.1","2.2","58","15.6","99","Cloudy","26","6","40","0","0","0","low"
"2026-09-10T03:00:00+05:30","C-Scheme","26","0","52","16.5","107","Clear","29","8","39","0","0","0","low"
"2026-09-10T03:00:00+05:30","Mansarovar","26","0","52","17.4","115","Clear","28","9","39","0","0","0","low"
"2026-09-10T04:00:00+05:30","Pink City","26.4","0","53","15.6","84","Clear","27","5","39","0","0","0","low"
"2026-09-10T04:00:00+05:30","Malviya Nagar","26.4","0","53","16.5","92","Clear","27","6","39","0","0","0","low"
"2026-09-10T04:00:00+05:30","Sanganer","26.6","2.7","60","17.4","100","Cloudy","28","8","39","0","0","0","low"
"2026-09-10T04:00:00+05:30","C-Scheme","26.4","0","53","18.3","108","Clear","31","10","38","0","0","0","low"
"2026-09-10T04:00:00+05:30","Mansarovar","26.4","0","53","7.5","116","Clear","31","6","38","0","0","0","low"
"2026-09-10T05:00:00+05:30","Pink City","26.8","0","54","17.4","84","Clear","30","7","38","0","0","0","low"
"2026-09-10T05:00:00+05:30","Malviya Nagar","27.1","3.2","62","18.3","92","Light Rain","30","8","38","1","1","0","low"
"2026-09-10T05:00:00+05:30","Sanganer","26.8","0","54","7.5","100","Clear","30","10","38","0","0","0","low"
"2026-09-10T05:00:00+05:30","C-Scheme","26.8","0","54","8.4","108","Clear","33","7","37","0","0","0","low"
"2026-09-10T05:00:00+05:30","Mansarovar","26.8","0","54","9.3","116","Clear","18","3","43","0","0","0","low"
"2026-09-10T06:00:00+05:30","Pink City","27.4","0","54","7.5","90","Clear","39","11","34","0","0","0","low"
"2026-09-10T06:00:00+05:30","Malviya Nagar","27.4","0","54","8.4","98","Clear","40","13","34","0","0","0","low"
"2026-09-10T06:00:00+05:30","Sanganer","27.4","0","54","9.3","106","Clear","38","9","35","0","0","0","low"
"2026-09-10T06:00:00+05:30","C-Scheme","27.4","0","54","10.2","114","Clear","26","6","40","0","0","0","low"
"2026-09-10T06:00:00+05:30","Mansarovar","27.4","0","54","11.1","122","Clear","28","8","39","0","0","0","low"
"2026-09-10T07:00:00+05:30","Pink City","28.4","4.4","65","9.3","96","Light Rain","49","16","30","0","0","0","moderate"
"2026-09-10T07:00:00+05:30","Malviya Nagar","28","0","54","10.2","104","Clear","50","13","30","0","0","0","moderate"
"2026-09-10T07:00:00+05:30","Sanganer","28","0","54","11.1","112","Clear","30","7","38","0","0","0","low"
"2026-09-10T07:00:00+05:30","C-Scheme","28","0","54","12","120","Clear","36","10","36","0","0","0","moderate"
"2026-09-10T07:00:00+05:30","Mansarovar","28","0","54","12.9","128","Clear","38","12","35","0","0","0","moderate"
"2026-09-10T08:00:00+05:30","Pink City","28.7","0","53","11.1","104","Haze","62","16","24","1","1","1","moderate"
"2026-09-10T08:00:00+05:30","Malviya Nagar","28.7","0","53","12","112","Haze","47","13","31","0","0","0","moderate"
"2026-09-10T08:00:00+05:30","Sanganer","28.7","0","53","12.9","120","Haze","41","12","33","0","0","0","moderate"
"2026-09-10T08:00:00+05:30","C-Scheme","28.7","0","53","13.8","128","Haze","49","16","30","0","0","0","moderate"
"2026-09-10T08:00:00+05:30","Mansarovar","28.7","0","53","14.7","136","Haze","51","13","29","0","0","0","moderate"
"2026-09-10T09:00:00+05:30","Pink City","29.2","0","52","12.9","102","Clear","46","12","31","0","0","0","moderate"
"2026-09-10T09:00:00+05:30","Malviya Nagar","29.2","0","52","13.8","110","Clear","46","14","31","0","0","0","moderate"
"2026-09-10T09:00:00+05:30","Sanganer","29.2","0","52","14.7","118","Clear","40","13","34","0","0","0","moderate"
"2026-09-10T09:00:00+05:30","C-Scheme","29.2","0","52","15.6","126","Clear","50","13","30","0","0","0","moderate"
"2026-09-10T09:00:00+05:30","Mansarovar","29.2","0","52","16.5","134","Clear","50","14","30","2","2","0","moderate"
"2026-09-10T10:00:00+05:30","Pink City","29.7","0","51","14.7","97","Clear","42","12","33","0","0","0","moderate"
"2026-09-10T10:00:00+05:30","Malviya Nagar","29.7","0","51","15.6","105","Clear","40","13","34","0","0","0","moderate"
"2026-09-10T10:00:00+05:30","Sanganer","29.7","0","51","16.5","113","Clear","34","7","36","0","0","0","low"
"2026-09-10T10:00:00+05:30","C-Scheme","29.7","0","51","17.4","121","Clear","45","12","32","2","2","0","moderate"
"2026-09-10T10:00:00+05:30","Mansarovar","29.7","0","51","18.3","129","Clear","44","13","32","0","0","0","moderate"
"2026-09-10T11:00:00+05:30","Pink City","30.1","0","50","16.5","91","Clear","37","12","35","0","0","0","moderate"
"2026-09-10T11:00:00+05:30","Malviya Nagar","30.1","0","50","17.4","99","Clear","34","7","36","0","0","0","low"
"2026-09-10T11:00:00+05:30","Sanganer","30.1","0","50","18.3","107","Clear","28","6","39","2","1","0","low"
"2026-09-10T11:00:00+05:30","C-Scheme","30.1","0","50","7.5","115","Clear","41","12","33","0","0","0","low"
"2026-09-10T11:00:00+05:30","Mansarovar","30.1","0","50","8.4","123","Clear","38","12","35","0","0","0","low"
"2026-09-10T12:00:00+05:30","Pink City","30.4","0","48","18.3","89","Clear","37","8","35","0","0","0","low"
"2026-09-10T12:00:00+05:30","Malviya Nagar","30.4","0","48","7.5","97","Clear","32","8","37","2","2","0","low"
"2026-09-10T12:00:00+05:30","Sanganer","30.4","0","48","8.4","105","Clear","28","8","39","0","0","0","low"
"2026-09-10T12:00:00+05:30","C-Scheme","30.4","0","48","9.3","113","Clear","41","13","33","0","0","0","low"
"2026-09-10T12:00:00+05:30","Mansarovar","30.4","0","48","10.2","121","Clear","36","8","36","0","0","0","low"
"2026-09-10T13:00:00+05:30","Pink City","30.4","0","46","8.4","88","Clear","38","10","35","2","2","0","low"
"2026-09-10T13:00:00+05:30","Malviya Nagar","30.4","0","46","9.3","96","Clear","32","9","37","0","0","0","low"
"2026-09-10T13:00:00+05:30","Sanganer","30.4","0","46","10.2","104","Clear","29","9","39","0","0","0","low"
"2026-09-10T13:00:00+05:30","C-Scheme","30.4","0","46","11.1","112","Clear","42","10","33","0","0","0","low"
"2026-09-10T13:00:00+05:30","Mansarovar","30.4","0","46","12","120","Clear","36","9","36","1","1","0","low"
"2026-09-10T14:00:00+05:30","Pink City","30.4","0","45","10.2","88","Clear","41","12","33","0","0","0","low"
"2026-09-10T14:00:00+05:30","Malviya Nagar","30.4","0","45","11.1","96","Clear","33","11","37","0","0","0","low"
"2026-09-10T14:00:00+05:30","Sanganer","30.4","0","45","12","104","Clear","32","7","37","0","0","0","low"
"2026-09-10T14:00:00+05:30","C-Scheme","30.4","0","45","12.9","112","Clear","44","12","32","0","0","0","low"
"2026-09-10T14:00:00+05:30","Mansarovar","30.6","3.2","53","13.8","120","Light Rain","21","5","42","0","0","0","low"
"2026-09-10T15:00:00+05:30","Pink City","30.1","0","44","12","91","Clear","46","15","31","0","0","0","moderate"
"2026-09-10T15:00:00+05:30","Malviya Nagar","30.1","0","44","12.9","99","Clear","37","8","35","0","0","0","low"
"2026-09-10T15:00:00+05:30","Sanganer","30.1","0","44","13.8","107","Clear","38","10","35","0","0","0","low"
"2026-09-10T15:00:00+05:30","C-Scheme","30.4","3.8","53","14.7","115","Light Rain","33","9","37","0","0","0","moderate"
"2026-09-10T15:00:00+05:30","Mansarovar","30.1","0","44","15.6","123","Clear","25","8","40","0","0","0","low"
"2026-09-10T16:00:00+05:30","Pink City","29.7","0","43","13.8","97","Clear","54","14","28","0","0","0","moderate"
"2026-09-10T16:00:00+05:30","Malviya Nagar","29.7","0","43","14.7","105","Clear","46","12","31","0","0","0","low"
"2026-09-10T16:00:00+05:30","Sanganer","29.7","0","43","15.6","113","Clear","32","9","37","0","0","0","low"
"2026-09-10T16:00:00+05:30","C-Scheme","30.1","4.4","54","16.5","121","Light Rain","42","14","33","1","0","0","moderate"
"2026-09-10T16:00:00+05:30","Mansarovar","29.7","0","43","17.4","129","Clear","34","7","36","0","0","0","low"
"2026-09-10T17:00:00+05:30","Pink City","29.2","0","42","15.6","106","Haze","67","19","22","0","0","0","high"
"2026-09-10T17:00:00+05:30","Malviya Nagar","29.2","0","42","16.5","114","Haze","43","13","33","0","0","0","moderate"
"2026-09-10T17:00:00+05:30","Sanganer","29.6","4.9","54","17.4","122","Light Rain","47","15","31","0","0","0","moderate"
"2026-09-10T17:00:00+05:30","C-Scheme","29.2","0","42","18.3","130","Haze","54","14","28","0","0","0","high"
"2026-09-10T17:00:00+05:30","Mansarovar","29.2","0","42","7.5","138","Haze","48","13","30","0","0","0","moderate"
"2026-09-10T18:00:00+05:30","Pink City","28.7","0","42","17.4","110","Haze","57","17","26","0","0","0","high"
"2026-09-10T18:00:00+05:30","Malviya Nagar","28.7","0","42","18.3","118","Haze","51","16","29","0","0","0","moderate"
"2026-09-10T18:00:00+05:30","Sanganer","28.7","0","42","7.5","126","Haze","54","14","28","0","0","0","high"
"2026-09-10T18:00:00+05:30","C-Scheme","28.7","0","42","8.4","134","Haze","60","17","25","0","0","0","high"
"2026-09-10T18:00:00+05:30","Mansarovar","28.7","0","42","9.3","142","Haze","55","17","27","0","0","0","moderate"
"2026-09-10T19:00:00+05:30","Pink City","28","0","42","7.5","108","Haze","54","17","28","0","0","0","high"
"2026-09-10T19:00:00+05:30","Malviya Nagar","28.1","1","45","8.4","116","Cloudy","50","13","30","0","0","0","moderate"
"2026-09-10T19:00:00+05:30","Sanganer","28","0","42","9.3","124","Haze","53","15","28","1","1","0","moderate"
"2026-09-10T19:00:00+05:30","C-Scheme","28","0","42","10.2","132","Haze","58","18","26","0","0","0","high"
"2026-09-10T19:00:00+05:30","Mansarovar","28","0","42","11.1","140","Haze","54","17","28","0","0","0","moderate"
"2026-09-10T20:00:00+05:30","Pink City","27.6","1.6","47","9.3","100","Cloudy","45","11","32","0","0","0","moderate"
"2026-09-10T20:00:00+05:30","Malviya Nagar","27.4","0","43","10.2","108","Clear","43","11","33","0","0","0","moderate"
"2026-09-10T20:00:00+05:30","Sanganer","27.4","0","43","11.1","116","Clear","45","13","32","0","0","0","moderate"
"2026-09-10T20:00:00+05:30","C-Scheme","27.4","0","43","12","124","Clear","49","16","30","0","0","0","moderate"
"2026-09-10T20:00:00+05:30","Mansarovar","27.4","0","43","12.9","132","Clear","47","12","31","0","0","0","moderate"
"2026-09-10T21:00:00+05:30","Pink City","27","2.2","49","11.1","93","Cloudy","38","10","35","0","0","0","low"
"2026-09-10T21:00:00+05:30","Malviya Nagar","26.8","0","44","12","101","Clear","37","11","35","0","0","0","low"
"2026-09-10T21:00:00+05:30","Sanganer","26.8","0","44","12.9","109","Clear","38","12","35","0","0","0","low"
"2026-09-10T21:00:00+05:30","C-Scheme","26.8","0","44","13.8","117","Clear","41","10","33","0","0","0","low"
"2026-09-10T21:00:00+05:30","Mansarovar","26.8","0","44","14.7","125","Clear","41","11","33","0","0","0","low"
"2026-09-10T22:00:00+05:30","Pink City","26.4","0","45","12.9","88","Clear","33","9","37","0","0","0","low"
"2026-09-10T22:00:00+05:30","Malviya Nagar","26.4","0","45","13.8","96","Clear","33","11","37","1","1","0","low"
"2026-09-10T22:00:00+05:30","Sanganer","26.4","0","45","14.7","104","Clear","32","7","37","0","0","0","low"
"2026-09-10T22:00:00+05:30","C-Scheme","26.4","0","45","15.6","112","Clear","36","9","36","0","0","0","low"
"2026-09-10T22:00:00+05:30","Mansarovar","26.4","0","45","16.5","120","Clear","38","11","35","0","0","0","low"
"2026-09-10T23:00:00+05:30","Pink City","26","0","46","14.7","86","Clear","31","10","38","0","0","0","low"
"2026-09-10T23:00:00+05:30","Malviya Nagar","26","0","46","15.6","94","Clear","33","7","37","0","0","0","low"
"2026-09-10T23:00:00+05:30","Sanganer","26","0","46","16.5","102","Clear","30","7","38","0","0","0","low"
"2026-09-10T23:00:00+05:30","C-Scheme","26","0","46","17.4","110","Clear","35","10","36","0","0","0","low"
"2026-09-10T23:00:00+05:30","Mansarovar","26","0","46","18.3","118","Clear","21","7","42","0","0","0","low"
"2026-09-11T00:00:00+05:30","Pink City","26.3","0","48","11.1","89","Clear","23","4","41","0","0","0","low"
"2026-09-11T00:00:00+05:30","Malviya Nagar","26.3","0","48","12","97","Clear","23","5","41","0","0","0","low"
"2026-09-11T00:00:00+05:30","Sanganer","26.3","0","48","12.9","105","Clear","23","6","41","0","0","0","low"
"2026-09-11T00:00:00+05:30","C-Scheme","26.4","1","50","13.8","113","Cloudy","26","8","40","0","0","0","low"
"2026-09-11T00:00:00+05:30","Mansarovar","26.3","0","48","14.7","121","Clear","27","5","39","0","0","0","low"
"2026-09-11T01:00:00+05:30","Pink City","26.2","0","50","12.9","89","Clear","24","5","41","0","0","0","low"
"2026-09-11T01:00:00+05:30","Malviya Nagar","26.2","0","50","13.8","97","Clear","25","7","40","0","0","0","low"
"2026-09-11T01:00:00+05:30","Sanganer","26.3","1.6","54","14.7","105","Cloudy","23","7","41","1","1","0","low"
"2026-09-11T01:00:00+05:30","C-Scheme","26.2","0","50","15.6","113","Clear","27","5","39","0","0","0","low"
"2026-09-11T01:00:00+05:30","Mansarovar","26.2","0","50","16.5","121","Clear","29","7","39","0","0","0","low"
"2026-09-11T02:00:00+05:30","Pink City","26.3","0","51","14.7","88","Clear","25","7","40","0","0","0","low"
"2026-09-11T02:00:00+05:30","Malviya Nagar","26.3","0","51","15.6","96","Clear","27","9","39","0","0","0","low"
"2026-09-11T02:00:00+05:30","Sanganer","26.3","0","51","16.5","104","Clear","23","4","41","0","0","0","low"
"2026-09-11T02:00:00+05:30","C-Scheme","26.3","0","51","17.4","112","Clear","29","7","39","0","0","0","low"
"2026-09-11T02:00:00+05:30","Mansarovar","26.3","0","51","18.3","120","Clear","31","9","38","0","0","0","low"
"2026-09-11T03:00:00+05:30","Pink City","26.5","0","52","16.5","88","Clear","28","9","39","0","0","0","low"
"2026-09-11T03:00:00+05:30","Malviya Nagar","26.7","2.7","59","17.4","96","Cloudy","29","6","39","0","0","0","low"
"2026-09-11T03:00:00+05:30","Sanganer","26.5","0","52","18.3","104","Clear","24","5","41","0","0","0","low"
"2026-09-11T03:00:00+05:30","C-Scheme","26.5","0","52","7.5","112","Clear","31","9","38","0","0","0","low"
"2026-09-11T03:00:00+05:30","Mansarovar","26.5","0","52","8.4","120","Clear","33","11","37","0","0","0","low"
"2026-09-11T04:00:00+05:30","Pink City","27.2","3.2","61","18.3","88","Light Rain","31","6","38","0","0","0","low"
"2026-09-11T04:00:00+05:30","Malviya Nagar","26.9","0","53","7.5","96","Clear","31","7","38","1","1","0","low"
"2026-09-11T04:00:00+05:30","Sanganer","26.9","0","53","8.4","104","Clear","25","7","40","0","0","0","low"
"2026-09-11T04:00:00+05:30","C-Scheme","26.9","0","53","9.3","112","Clear","34","11","36","0","0","0","low"
"2026-09-11T04:00:00+05:30","Mansarovar","26.9","0","53","10.2","120","Clear","19","2","43","0","0","0","low"
"2026-09-11T05:00:00+05:30","Pink City","27.7","3.8","63","8.4","89","Light Rain","34","8","36","0","0","0","low"
"2026-09-11T05:00:00+05:30","Malviya Nagar","27.4","0","54","9.3","97","Clear","34","10","36","0","0","0","low"
"2026-09-11T05:00:00+05:30","Sanganer","27.4","0","54","10.2","105","Clear","27","9","39","0","0","0","low"
"2026-09-11T05:00:00+05:30","C-Scheme","27.4","0","54","11.1","113","Clear","22","3","42","0","0","0","low"
"2026-09-11T05:00:00+05:30","Mansarovar","27.4","0","54","12","121","Clear","21","4","42","0","0","0","low"
"2026-09-11T06:00:00+05:30","Pink City","28","0","54","10.2","95","Clear","45","13","32","0","0","0","low"
"2026-09-11T06:00:00+05:30","Malviya Nagar","28","0","54","11.1","103","Clear","42","14","33","0","0","0","low"
"2026-09-11T06:00:00+05:30","Sanganer","28","0","54","12","111","Clear","20","3","42","0","0","0","low"
"2026-09-11T06:00:00+05:30","C-Scheme","28","0","54","12.9","119","Clear","32","8","37","0","0","0","low"
"2026-09-11T06:00:00+05:30","Mansarovar","28","0","54","13.8","127","Clear","30","8","38","0","0","0","low"
"2026-09-11T07:00:00+05:30","Pink City","28.6","0","54","12","101","Clear","55","18","27","1","1","0","moderate"
"2026-09-11T07:00:00+05:30","Malviya Nagar","28.6","0","54","12.9","109","Clear","34","7","36","0","0","0","moderate"
"2026-09-11T07:00:00+05:30","Sanganer","28.6","0","54","13.8","117","Clear","29","7","39","0","0","0","low"
"2026-09-11T07:00:00+05:30","C-Scheme","28.6","0","54","14.7","125","Clear","42","12","33","0","0","0","moderate"
"2026-09-11T07:00:00+05:30","Mansarovar","28.6","0","54","15.6","133","Clear","38","12","35","2","2","0","moderate"
"2026-09-11T08:00:00+05:30","Pink City","29.2","0","53","13.8","109","Haze","51","13","29","0","0","0","high"
"2026-09-11T08:00:00+05:30","Malviya Nagar","29.2","0","53","14.7","117","Haze","45","12","32","0","0","0","moderate"
"2026-09-11T08:00:00+05:30","Sanganer","29.2","0","53","15.6","125","Haze","42","12","33","0","0","0","moderate"
"2026-09-11T08:00:00+05:30","C-Scheme","29.2","0","53","16.5","133","Haze","55","18","27","2","2","0","moderate"
"2026-09-11T08:00:00+05:30","Mansarovar","29.2","0","53","17.4","141","Haze","49","12","30","0","0","0","moderate"
"2026-09-11T09:00:00+05:30","Pink City","29.8","0","52","15.6","108","Clear","52","14","29","0","0","0","moderate"
"2026-09-11T09:00:00+05:30","Malviya Nagar","29.8","0","52","16.5","116","Clear","44","13","32","0","0","0","moderate"
"2026-09-11T09:00:00+05:30","Sanganer","29.8","0","52","17.4","124","Clear","42","14","33","2","2","0","moderate"
"2026-09-11T09:00:00+05:30","C-Scheme","29.8","0","52","18.3","132","Clear","55","14","27","0","0","0","moderate"
"2026-09-11T09:00:00+05:30","Mansarovar","29.8","0","52","7.5","140","Clear","48","13","30","0","0","0","moderate"
"2026-09-11T10:00:00+05:30","Pink City","30.3","0","51","17.4","102","Clear","46","14","31","0","0","0","moderate"
"2026-09-11T10:00:00+05:30","Malviya Nagar","30.3","0","51","18.3","110","Clear","38","12","35","2","1","0","low"
"2026-09-11T10:00:00+05:30","Sanganer","30.3","0","51","7.5","118","Clear","38","9","35","0","0","0","low"
"2026-09-11T10:00:00+05:30","C-Scheme","30.3","0","51","8.4","126","Clear","49","13","30","0","0","0","moderate"
"2026-09-11T10:00:00+05:30","Mansarovar","30.3","0","51","9.3","134","Clear","42","12","33","0","0","0","low"
"2026-09-11T11:00:00+05:30","Pink City","30.7","0","50","7.5","96","Clear","40","13","34","2","2","0","moderate"
"2026-09-11T11:00:00+05:30","Malviya Nagar","30.7","0","50","8.4","104","Clear","32","7","37","0","0","0","low"
"2026-09-11T11:00:00+05:30","Sanganer","30.7","0","50","9.3","112","Clear","33","8","37","0","0","0","low"
"2026-09-11T11:00:00+05:30","C-Scheme","30.7","0","50","10.2","120","Clear","43","13","33","0","0","0","low"
"2026-09-11T11:00:00+05:30","Mansarovar","30.9","2.2","55","11.1","128","Cloudy","36","12","36","0","0","0","low"
"2026-09-11T12:00:00+05:30","Pink City","30.9","0","48","9.3","94","Clear","38","9","35","0","0","0","low"
"2026-09-11T12:00:00+05:30","Malviya Nagar","30.9","0","48","10.2","102","Clear","31","7","38","0","0","0","low"
"2026-09-11T12:00:00+05:30","Sanganer","30.9","0","48","11.1","110","Clear","34","10","36","0","0","0","low"
"2026-09-11T12:00:00+05:30","C-Scheme","30.9","0","48","12","118","Clear","42","14","33","0","0","0","low"
"2026-09-11T12:00:00+05:30","Mansarovar","31.1","2.7","55","12.9","126","Cloudy","35","8","36","1","1","1","low"
"2026-09-11T13:00:00+05:30","Pink City","31","0","46","11.1","93","Clear","38","10","35","0","0","0","low"
"2026-09-11T13:00:00+05:30","Malviya Nagar","31","0","46","12","101","Clear","31","9","38","0","0","0","low"
"2026-09-11T13:00:00+05:30","Sanganer","31","0","46","12.9","109","Clear","35","11","36","0","0","0","low"
"2026-09-11T13:00:00+05:30","C-Scheme","31.3","3.2","54","13.8","117","Light Rain","41","10","33","0","0","0","low"
"2026-09-11T13:00:00+05:30","Mansarovar","31","0","46","14.7","125","Clear","19","4","43","0","0","0","low"
"2026-09-11T14:00:00+05:30","Pink City","30.9","0","45","12.9","94","Clear","39","11","34","0","0","0","low"
"2026-09-11T14:00:00+05:30","Malviya Nagar","30.9","0","45","13.8","102","Clear","34","11","36","0","0","0","low"
"2026-09-11T14:00:00+05:30","Sanganer","30.9","0","45","14.7","110","Clear","38","9","35","0","0","0","low"
"2026-09-11T14:00:00+05:30","C-Scheme","30.9","0","45","15.6","118","Clear","26","6","40","0","0","0","low"
"2026-09-11T14:00:00+05:30","Mansarovar","30.9","0","45","16.5","126","Clear","22","6","42","0","0","0","low"
"2026-09-11T15:00:00+05:30","Pink City","30.7","0","44","14.7","96","Clear","43","14","33","0","0","0","low"
"2026-09-11T15:00:00+05:30","Malviya Nagar","30.7","0","44","15.6","104","Clear","40","9","34","0","0","0","low"
"2026-09-11T15:00:00+05:30","Sanganer","31","4.4","55","16.5","112","Light Rain","27","6","39","0","0","0","low"
"2026-09-11T15:00:00+05:30","C-Scheme","30.7","0","44","17.4","120","Clear","30","8","38","1","0","0","low"
"2026-09-11T15:00:00+05:30","Mansarovar","30.7","0","44","18.3","128","Clear","28","9","39","0","0","0","low"
"2026-09-11T16:00:00+05:30","Pink City","30.3","0","43","16.5","102","Clear","52","13","29","0","0","0","moderate"
"2026-09-11T16:00:00+05:30","Malviya Nagar","30.7","4.9","55","17.4","110","Light Rain","34","8","36","0","0","0","moderate"
"2026-09-11T16:00:00+05:30","Sanganer","30.3","0","43","18.3","118","Clear","36","10","36","0","0","0","moderate"
"2026-09-11T16:00:00+05:30","C-Scheme","30.3","0","43","7.5","126","Clear","39","13","34","0","0","0","moderate"
"2026-09-11T16:00:00+05:30","Mansarovar","30.3","0","43","8.4","134","Clear","39","9","34","0","0","0","moderate"
"2026-09-11T17:00:00+05:30","Pink City","29.8","0","42","18.3","111","Haze","49","13","30","0","0","0","moderate"
"2026-09-11T17:00:00+05:30","Malviya Nagar","29.8","0.5","43","7.5","119","Cloudy","49","15","30","0","0","0","moderate"
"2026-09-11T17:00:00+05:30","Sanganer","29.8","0","42","8.4","127","Haze","49","16","30","0","0","0","moderate"
"2026-09-11T17:00:00+05:30","C-Scheme","29.8","0","42","9.3","135","Haze","52","13","29","0","0","0","moderate"
"2026-09-11T17:00:00+05:30","Mansarovar","29.8","0","42","10.2","143","Haze","53","15","28","0","0","0","moderate"
"2026-09-11T18:00:00+05:30","Pink City","29.3","1","44","8.4","115","Cloudy","56","17","27","0","0","0","high"
"2026-09-11T18:00:00+05:30","Malviya Nagar","29.2","0","42","9.3","123","Haze","57","18","26","0","0","0","high"
"2026-09-11T18:00:00+05:30","Sanganer","29.2","0","42","10.2","131","Haze","55","14","27","1","1","1","moderate"
"2026-09-11T18:00:00+05:30","C-Scheme","29.2","0","42","11.1","139","Haze","59","17","26","0","0","0","high"
"2026-09-11T18:00:00+05:30","Mansarovar","29.2","0","42","12","147","Haze","61","19","25","0","0","0","high"
"2026-09-11T19:00:00+05:30","Pink City","28.6","0","42","10.2","112","Haze","54","17","28","0","0","0","high"
"2026-09-11T19:00:00+05:30","Malviya Nagar","28.6","0","42","11.1","120","Haze","56","15","27","0","0","0","high"
"2026-09-11T19:00:00+05:30","Sanganer","28.6","0","42","12","128","Haze","52","14","29","0","0","0","moderate"
"2026-09-11T19:00:00+05:30","C-Scheme","28.6","0","42","12.9","136","Haze","58","18","26","0","0","0","moderate"
"2026-09-11T19:00:00+05:30","Mansarovar","28.6","0","42","13.8","144","Haze","60","19","25","0","0","0","moderate"
"2026-09-11T20:00:00+05:30","Pink City","28","0","43","12","105","Clear","47","12","31","0","0","0","moderate"
"2026-09-11T20:00:00+05:30","Malviya Nagar","28","0","43","12.9","113","Clear","49","13","30","0","0","0","moderate"
"2026-09-11T20:00:00+05:30","Sanganer","28","0","43","13.8","121","Clear","44","13","32","0","0","0","moderate"
"2026-09-11T20:00:00+05:30","C-Scheme","28","0","43","14.7","129","Clear","51","16","29","0","0","0","moderate"
"2026-09-11T20:00:00+05:30","Mansarovar","28","0","43","15.6","137","Clear","53","14","28","0","0","0","moderate"
"2026-09-11T21:00:00+05:30","Pink City","27.4","0","44","13.8","98","Clear","41","11","33","0","0","0","moderate"
"2026-09-11T21:00:00+05:30","Malviya Nagar","27.4","0","44","14.7","106","Clear","42","12","33","1","1","0","low"
"2026-09-11T21:00:00+05:30","Sanganer","27.4","0","44","15.6","114","Clear","35","11","36","0","0","0","low"
"2026-09-11T21:00:00+05:30","C-Scheme","27.4","0","44","16.5","122","Clear","44","11","32","0","0","0","low"
"2026-09-11T21:00:00+05:30","Mansarovar","27.4","0","44","17.4","130","Clear","46","12","31","0","0","0","low"
"2026-09-11T22:00:00+05:30","Pink City","26.9","0","45","15.6","93","Clear","37","11","35","0","0","0","low"
"2026-09-11T22:00:00+05:30","Malviya Nagar","26.9","0","45","16.5","101","Clear","36","12","36","0","0","0","low"
"2026-09-11T22:00:00+05:30","Sanganer","26.9","0","45","17.4","109","Clear","30","6","38","0","0","0","low"
"2026-09-11T22:00:00+05:30","C-Scheme","26.9","0","45","18.3","117","Clear","41","11","33","0","0","0","low"
"2026-09-11T22:00:00+05:30","Mansarovar","26.9","0","45","7.5","125","Clear","24","6","41","0","0","0","low"
"2026-09-11T23:00:00+05:30","Pink City","26.5","0","46","17.4","90","Clear","37","12","35","0","0","0","low"
"2026-09-11T23:00:00+05:30","Malviya Nagar","26.5","0","46","18.3","98","Clear","34","7","36","0","0","0","low"
"2026-09-11T23:00:00+05:30","Sanganer","26.5","0","46","7.5","106","Clear","28","6","39","0","0","0","low"
"2026-09-11T23:00:00+05:30","C-Scheme","26.5","0","46","8.4","114","Clear","24","6","41","0","0","0","low"
"2026-09-11T23:00:00+05:30","Mansarovar","26.5","0","46","9.3","122","Clear","22","7","42","0","0","0","low"
"2026-09-12T00:00:00+05:30","Pink City","26.8","0","48","13.8","94","Clear","31","6","38","0","0","0","low"
"2026-09-12T00:00:00+05:30","Malviya Nagar","27","1.6","52","14.7","102","Cloudy","30","7","38","0","0","0","low"
"2026-09-12T00:00:00+05:30","Sanganer","26.8","0","48","15.6","110","Clear","24","6","41","1","1","0","low"
"2026-09-12T00:00:00+05:30","C-Scheme","26.8","0","48","16.5","118","Clear","34","11","36","0","0","0","low"
"2026-09-12T00:00:00+05:30","Mansarovar","26.8","0","48","17.4","126","Clear","34","7","36","0","0","0","low"
"2026-09-12T01:00:00+05:30","Pink City","26.8","0","50","15.6","94","Clear","33","8","37","0","0","0","low"
"2026-09-12T01:00:00+05:30","Malviya Nagar","26.9","2.2","55","16.5","102","Cloudy","31","9","38","0","0","0","low"
"2026-09-12T01:00:00+05:30","Sanganer","26.8","0","50","17.4","110","Clear","25","8","40","0","0","0","low"
"2026-09-12T01:00:00+05:30","C-Scheme","26.8","0","50","18.3","118","Clear","36","8","36","0","0","0","low"
"2026-09-12T01:00:00+05:30","Mansarovar","26.8","0","50","7.5","126","Clear","35","9","36","0","0","0","low"
"2026-09-12T02:00:00+05:30","Pink City","27","2.7","58","17.4","94","Cloudy","35","10","36","0","0","0","low"
"2026-09-12T02:00:00+05:30","Malviya Nagar","26.8","0","51","18.3","102","Clear","32","10","37","0","0","0","low"
"2026-09-12T02:00:00+05:30","Sanganer","26.8","0","51","7.5","110","Clear","26","5","40","0","0","0","low"
"2026-09-12T02:00:00+05:30","C-Scheme","26.8","0","51","8.4","118","Clear","39","10","34","0","0","0","low"
"2026-09-12T02:00:00+05:30","Mansarovar","26.8","0","51","9.3","126","Clear","36","10","36","0","0","0","low"
"2026-09-12T03:00:00+05:30","Pink City","27.1","0","52","7.5","93","Clear","38","12","35","0","0","0","low"
"2026-09-12T03:00:00+05:30","Malviya Nagar","27.1","0","52","8.4","101","Clear","32","7","37","1","1","1","low"
"2026-09-12T03:00:00+05:30","Sanganer","27.1","0","52","9.3","109","Clear","28","6","39","0","0","0","low"
"2026-09-12T03:00:00+05:30","C-Scheme","27.1","0","52","10.2","117","Clear","41","12","33","0","0","0","low"
"2026-09-12T03:00:00+05:30","Mansarovar","27.1","0","52","11.1","125","Clear","20","6","42","0","0","0","low"
"2026-09-12T04:00:00+05:30","Pink City","27.5","0","53","9.3","94","Clear","40","9","34","0","0","0","low"
"2026-09-12T04:00:00+05:30","Malviya Nagar","27.5","0","53","10.2","102","Clear","33","8","37","0","0","0","low"
"2026-09-12T04:00:00+05:30","Sanganer","27.5","0","53","11.1","110","Clear","31","9","38","0","0","0","low"
"2026-09-12T04:00:00+05:30","C-Scheme","27.5","0","53","12","118","Clear","27","9","39","0","0","0","low"
"2026-09-12T04:00:00+05:30","Mansarovar","27.5","0","53","12.9","126","Clear","21","3","42","0","0","0","low"
"2026-09-12T05:00:00+05:30","Pink City","28","0","54","11.1","94","Clear","43","11","33","0","0","0","low"
"2026-09-12T05:00:00+05:30","Malviya Nagar","28","0","54","12","102","Clear","35","10","36","0","0","0","low"
"2026-09-12T05:00:00+05:30","Sanganer","28","0","54","12.9","110","Clear","18","6","43","0","0","0","low"
"2026-09-12T05:00:00+05:30","C-Scheme","28","0","54","13.8","118","Clear","30","6","38","0","0","0","low"
"2026-09-12T05:00:00+05:30","Mansarovar","28","0","54","14.7","126","Clear","23","5","41","2","2","0","low"
"2026-09-12T06:00:00+05:30","Pink City","28.5","0","54","12.9","100","Clear","52","16","29","1","1","0","moderate"
"2026-09-12T06:00:00+05:30","Malviya Nagar","28.5","0","54","13.8","108","Clear","27","9","39","0","0","0","low"
"2026-09-12T06:00:00+05:30","Sanganer","28.5","0","54","14.7","116","Clear","28","5","39","0","0","0","low"
"2026-09-12T06:00:00+05:30","C-Scheme","28.5","0","54","15.6","124","Clear","39","10","34","2","2","0","moderate"
"2026-09-12T06:00:00+05:30","Mansarovar","28.5","0","54","16.5","132","Clear","31","9","38","0","0","0","low"
"2026-09-12T07:00:00+05:30","Pink City","29.2","0","54","14.7","106","Clear","44","14","32","0","0","0","moderate"
"2026-09-12T07:00:00+05:30","Malviya Nagar","29.2","0","54","15.6","114","Clear","36","8","36","0","0","0","moderate"
"2026-09-12T07:00:00+05:30","Sanganer","29.2","0","54","16.5","122","Clear","39","10","34","2","2","0","moderate"
"2026-09-12T07:00:00+05:30","C-Scheme","29.2","0","54","17.4","130","Clear","48","14","30","0","0","0","moderate"
"2026-09-12T07:00:00+05:30","Mansarovar","29.2","0","54","18.3","138","Clear","40","13","34","0","0","0","moderate"
"2026-09-12T08:00:00+05:30","Pink City","29.8","0","53","16.5","114","Haze","55","14","27","0","0","0","high"
"2026-09-12T08:00:00+05:30","Malviya Nagar","29.8","0","53","17.4","122","Haze","48","13","30","2","2","0","moderate"
"2026-09-12T08:00:00+05:30","Sanganer","29.8","0","53","18.3","130","Haze","52","16","29","0","0","0","moderate"
"2026-09-12T08:00:00+05:30","C-Scheme","29.8","0","53","7.5","138","Haze","59","19","26","0","0","0","high"
"2026-09-12T08:00:00+05:30","Mansarovar","29.8","0","53","8.4","146","Haze","52","13","29","0","0","0","moderate"
"2026-09-12T09:00:00+05:30","Pink City","30.4","0","52","18.3","112","Clear","54","15","28","2","1","0","high"
"2026-09-12T09:00:00+05:30","Malviya Nagar","30.4","0","52","7.5","120","Clear","49","15","30","0","0","0","moderate"
"2026-09-12T09:00:00+05:30","Sanganer","30.4","0","52","8.4","128","Clear","52","17","29","0","0","0","moderate"
"2026-09-12T09:00:00+05:30","C-Scheme","30.4","0","52","9.3","136","Clear","58","15","26","0","0","0","moderate"
"2026-09-12T09:00:00+05:30","Mansarovar","30.5","1.6","56","10.2","144","Cloudy","53","15","28","0","0","0","moderate"
"2026-09-12T10:00:00+05:30","Pink City","30.8","0","51","8.4","107","Clear","48","14","30","0","0","0","moderate"
"2026-09-12T10:00:00+05:30","Malviya Nagar","30.8","0","51","9.3","115","Clear","44","14","32","0","0","0","moderate"
"2026-09-12T10:00:00+05:30","Sanganer","30.8","0","51","10.2","123","Clear","47","12","31","0","0","0","moderate"
"2026-09-12T10:00:00+05:30","C-Scheme","30.8","0","51","11.1","131","Clear","51","14","29","0","0","0","moderate"
"2026-09-12T10:00:00+05:30","Mansarovar","30.8","0","51","12","139","Clear","48","14","30","0","0","0","moderate"
"2026-09-12T11:00:00+05:30","Pink City","31.2","0","50","10.2","101","Clear","41","13","33","0","0","0","moderate"
"2026-09-12T11:00:00+05:30","Malviya Nagar","31.2","0","50","11.1","109","Clear","39","9","34","0","0","0","low"
"2026-09-12T11:00:00+05:30","Sanganer","31.2","0","50","12","117","Clear","41","11","33","0","0","0","low"
"2026-09-12T11:00:00+05:30","C-Scheme","31.4","2.7","56","12.9","125","Cloudy","45","13","32","0","0","0","low"
"2026-09-12T11:00:00+05:30","Mansarovar","31.2","0","50","13.8","133","Clear","43","14","33","1","1","0","low"
"2026-09-12T12:00:00+05:30","Pink City","31.5","0","48","12","99","Clear","40","9","34","0","0","0","low"
"2026-09-12T12:00:00+05:30","Malviya Nagar","31.5","0","48","12.9","107","Clear","40","10","34","0","0","0","low"
"2026-09-12T12:00:00+05:30","Sanganer","31.7","3.2","56","13.8","115","Light Rain","40","12","34","0","0","0","low"
"2026-09-12T12:00:00+05:30","C-Scheme","31.5","0","48","14.7","123","Clear","43","14","33","0","0","0","low"
"2026-09-12T12:00:00+05:30","Mansarovar","31.5","0","48","15.6","131","Clear","27","5","39","0","0","0","low"
"2026-09-12T13:00:00+05:30","Pink City","31.6","0","46","13.8","98","Clear","40","10","34","0","0","0","low"
"2026-09-12T13:00:00+05:30","Malviya Nagar","31.6","0","46","14.7","106","Clear","41","12","33","0","0","0","low"
"2026-09-12T13:00:00+05:30","Sanganer","31.9","3.8","56","15.6","114","Light Rain","40","13","34","0","0","0","low"
"2026-09-12T13:00:00+05:30","C-Scheme","31.6","0","46","16.5","122","Clear","27","5","39","0","0","0","low"
"2026-09-12T13:00:00+05:30","Mansarovar","31.6","0","46","17.4","130","Clear","29","7","39","0","0","0","low"
"2026-09-12T14:00:00+05:30","Pink City","31.5","0","45","15.6","98","Clear","43","13","33","0","0","0","low"
"2026-09-12T14:00:00+05:30","Malviya Nagar","31.8","4.4","56","16.5","106","Light Rain","44","14","32","0","0","0","low"
"2026-09-12T14:00:00+05:30","Sanganer","31.5","0","45","17.4","114","Clear","25","4","40","0","0","0","low"
"2026-09-12T14:00:00+05:30","C-Scheme","31.5","0","45","18.3","122","Clear","30","7","38","1","0","0","low"
"2026-09-12T14:00:00+05:30","Mansarovar","31.5","0","45","7.5","130","Clear","32","9","37","0","0","0","low"
"2026-09-12T15:00:00+05:30","Pink City","31.2","0","44","17.4","101","Clear","48","15","30","0","0","0","moderate"
"2026-09-12T15:00:00+05:30","Malviya Nagar","31.2","0","44","18.3","109","Clear","34","7","36","0","0","0","moderate"
"2026-09-12T15:00:00+05:30","Sanganer","31.2","0","44","7.5","117","Clear","29","7","39","0","0","0","low"
"2026-09-12T15:00:00+05:30","C-Scheme","31.2","0","44","8.4","125","Clear","36","10","36","0","0","0","low"
"2026-09-12T15:00:00+05:30","Mansarovar","31.2","0","44","9.3","133","Clear","38","12","35","0","0","0","low"
"2026-09-12T16:00:00+05:30","Pink City","30.9","0.5","44","7.5","107","Cloudy","42","10","33","0","0","0","moderate"
"2026-09-12T16:00:00+05:30","Malviya Nagar","30.8","0","43","8.4","115","Clear","43","11","33","0","0","0","moderate"
"2026-09-12T16:00:00+05:30","Sanganer","30.8","0","43","9.3","123","Clear","38","11","35","0","0","0","moderate"
"2026-09-12T16:00:00+05:30","C-Scheme","30.8","0","43","10.2","131","Clear","46","15","31","0","0","0","moderate"
"2026-09-12T16:00:00+05:30","Mansarovar","30.8","0","43","11.1","139","Clear","47","12","31","0","0","0","moderate"
"2026-09-12T17:00:00+05:30","Pink City","30.4","0","42","9.3","116","Haze","57","16","26","0","0","0","high"
"2026-09-12T17:00:00+05:30","Malviya Nagar","30.4","0","42","10.2","124","Haze","56","17","27","0","0","0","high"
"2026-09-12T17:00:00+05:30","Sanganer","30.4","0","42","11.1","132","Haze","50","16","30","1","1","0","moderate"
"2026-09-12T17:00:00+05:30","C-Scheme","30.4","0","42","12","140","Haze","60","16","25","0","0","0","high"
"2026-09-12T17:00:00+05:30","Mansarovar","30.4","0","42","12.9","148","Haze","60","17","25","0","0","0","high"
"2026-09-12T18:00:00+05:30","Pink City","29.8","0","42","11.1","120","Haze","65","20","23","0","0","0","high"
"2026-09-12T18:00:00+05:30","Malviya Nagar","29.8","0","42","12","128","Haze","63","20","24","0","0","0","high"
"2026-09-12T18:00:00+05:30","Sanganer","29.8","0","42","12.9","136","Haze","56","15","27","0","0","0","moderate"
"2026-09-12T18:00:00+05:30","C-Scheme","29.8","0","42","13.8","144","Haze","68","20","22","0","0","0","high"
"2026-09-12T18:00:00+05:30","Mansarovar","29.8","0","42","14.7","152","Haze","67","21","22","0","0","0","high"
"2026-09-12T19:00:00+05:30","Pink City","29.2","0","42","12.9","118","Haze","64","21","23","0","0","0","high"
"2026-09-12T19:00:00+05:30","Malviya Nagar","29.2","0","42","13.8","126","Haze","60","16","25","0","0","0","high"
"2026-09-12T19:00:00+05:30","Sanganer","29.2","0","42","14.7","134","Haze","55","15","27","0","0","0","moderate"
"2026-09-12T19:00:00+05:30","C-Scheme","29.2","0","42","15.6","142","Haze","68","21","22","0","0","0","high"
"2026-09-12T19:00:00+05:30","Mansarovar","29.2","0","42","16.5","150","Haze","65","21","23","0","0","0","high"
"2026-09-12T20:00:00+05:30","Pink City","28.5","0","43","14.7","110","Clear","57","15","26","0","0","0","high"
"2026-09-12T20:00:00+05:30","Malviya Nagar","28.5","0","43","15.6","118","Clear","52","14","29","1","1","0","moderate"
"2026-09-12T20:00:00+05:30","Sanganer","28.5","0","43","16.5","126","Clear","48","14","30","0","0","0","moderate"
"2026-09-12T20:00:00+05:30","C-Scheme","28.5","0","43","17.4","134","Clear","61","20","25","0","0","0","moderate"
"2026-09-12T20:00:00+05:30","Mansarovar","28.5","0","43","18.3","142","Clear","56","15","27","0","0","0","moderate"
"2026-09-12T21:00:00+05:30","Pink City","28","0","44","16.5","103","Clear","50","14","30","0","0","0","moderate"
"2026-09-12T21:00:00+05:30","Malviya Nagar","28","0","44","17.4","111","Clear","43","13","33","0","0","0","low"
"2026-09-12T21:00:00+05:30","Sanganer","28","0","44","18.3","119","Clear","41","13","33","0","0","0","low"
"2026-09-12T21:00:00+05:30","C-Scheme","28","0","44","7.5","127","Clear","54","14","28","0","0","0","moderate"
"2026-09-12T21:00:00+05:30","Mansarovar","28","0","44","8.4","135","Clear","31","7","38","0","0","0","low"
"2026-09-12T22:00:00+05:30","Pink City","27.5","0","45","18.3","98","Clear","46","14","31","0","0","0","moderate"
"2026-09-12T22:00:00+05:30","Malviya Nagar","27.5","0","45","7.5","106","Clear","38","12","35","0","0","0","low"
"2026-09-12T22:00:00+05:30","Sanganer","27.5","0","45","8.4","114","Clear","37","8","35","0","0","0","low"
"2026-09-12T22:00:00+05:30","C-Scheme","27.5","0","45","9.3","122","Clear","33","8","37","0","0","0","moderate"
"2026-09-12T22:00:00+05:30","Mansarovar","27.5","0","45","10.2","130","Clear","26","7","40","0","0","0","low"
"2026-09-12T23:00:00+05:30","Pink City","27.1","0","46","8.4","96","Clear","44","14","32","1","1","0","low"
"2026-09-12T23:00:00+05:30","Malviya Nagar","27.1","0","46","9.3","104","Clear","36","8","36","0","0","0","low"
"2026-09-12T23:00:00+05:30","Sanganer","27.1","0","46","10.2","112","Clear","21","4","42","0","0","0","low"
"2026-09-12T23:00:00+05:30","C-Scheme","27.1","0","46","11.1","120","Clear","31","9","38","0","0","0","low"
"2026-09-12T23:00:00+05:30","Mansarovar","27.4","4.4","57","12","128","Light Rain","24","8","41","0","0","0","low"
"2026-09-13T00:00:00+05:30","Pink City","24.3","2.2","54","16.5","79","Cloudy","36","8","36","0","0","0","low"
"2026-09-13T00:00:00+05:30","Malviya Nagar","24.1","0","48","17.4","87","Clear","28","6","39","0","0","0","low"
"2026-09-13T00:00:00+05:30","Sanganer","24.1","0","48","18.3","95","Clear","27","7","39","0","0","0","low"
"2026-09-13T00:00:00+05:30","C-Scheme","24.1","0","48","7.5","103","Clear","39","13","34","0","0","0","low"
"2026-09-13T00:00:00+05:30","Mansarovar","24.1","0","48","8.4","111","Clear","32","7","37","0","0","0","low"
"2026-09-13T01:00:00+05:30","Pink City","24","0","50","18.3","79","Clear","37","9","35","0","0","0","low"
"2026-09-13T01:00:00+05:30","Malviya Nagar","24","0","50","7.5","87","Clear","28","8","39","0","0","0","low"
"2026-09-13T01:00:00+05:30","Sanganer","24","0","50","8.4","95","Clear","29","9","39","0","0","0","low"
"2026-09-13T01:00:00+05:30","C-Scheme","24","0","50","9.3","103","Clear","40","9","34","0","0","0","low"
"2026-09-13T01:00:00+05:30","Mansarovar","24","0","50","10.2","111","Clear","32","8","37","0","0","0","low"
"2026-09-13T02:00:00+05:30","Pink City","24.1","0","51","8.4","78","Clear","38","11","35","0","0","0","low"
"2026-09-13T02:00:00+05:30","Malviya Nagar","24.1","0","51","9.3","86","Clear","29","9","39","1","1","0","low"
"2026-09-13T02:00:00+05:30","Sanganer","24.1","0","51","10.2","94","Clear","31","6","38","0","0","0","low"
"2026-09-13T02:00:00+05:30","C-Scheme","24.1","0","51","11.1","102","Clear","41","11","33","0","0","0","low"
"2026-09-13T02:00:00+05:30","Mansarovar","24.1","0","51","12","110","Clear","17","4","44","0","0","0","low"
"2026-09-13T03:00:00+05:30","Pink City","24.3","0","52","10.2","78","Clear","38","12","35","0","0","0","low"
"2026-09-13T03:00:00+05:30","Malviya Nagar","24.3","0","52","11.1","86","Clear","31","6","38","0","0","0","low"
"2026-09-13T03:00:00+05:30","Sanganer","24.3","0","52","12","94","Clear","34","8","36","0","0","0","low"
"2026-09-13T03:00:00+05:30","C-Scheme","24.3","0","52","12.9","102","Clear","26","7","40","0","0","0","low"
"2026-09-13T03:00:00+05:30","Mansarovar","24.3","0","52","13.8","110","Clear","19","6","43","2","1","0","low"
"2026-09-13T04:00:00+05:30","Pink City","24.7","0","53","12","78","Clear","39","9","34","0","0","0","low"
"2026-09-13T04:00:00+05:30","Malviya Nagar","24.7","0","53","12.9","86","Clear","33","8","37","0","0","0","low"
"2026-09-13T04:00:00+05:30","Sanganer","24.7","0","53","13.8","94","Clear","20","5","42","0","0","0","low"
"2026-09-13T04:00:00+05:30","C-Scheme","24.7","0","53","14.7","102","Clear","27","9","39","2","2","0","low"
"2026-09-13T04:00:00+05:30","Mansarovar","24.7","0","53","15.6","110","Clear","21","3","42","0","0","0","low"
"2026-09-13T05:00:00+05:30","Pink City","25.2","0","54","13.8","79","Clear","41","11","33","1","1","0","low"
"2026-09-13T05:00:00+05:30","Malviya Nagar","25.2","0","54","14.7","87","Clear","20","5","42","0","0","0","low"
"2026-09-13T05:00:00+05:30","Sanganer","25.2","0","54","15.6","95","Clear","24","8","41","2","2","0","low"
"2026-09-13T05:00:00+05:30","C-Scheme","25.2","0","54","16.5","103","Clear","28","5","39","0","0","0","low"
"2026-09-13T05:00:00+05:30","Mansarovar","25.2","0","54","17.4","111","Clear","24","5","41","0","0","0","low"
"2026-09-13T06:00:00+05:30","Pink City","25.8","0","54","15.6","85","Clear","33","9","37","0","0","0","moderate"
"2026-09-13T06:00:00+05:30","Malviya Nagar","25.8","0","54","16.5","93","Clear","30","10","38","2","2","0","low"
"2026-09-13T06:00:00+05:30","Sanganer","25.8","0","54","17.4","101","Clear","33","7","37","0","0","0","low"
"2026-09-13T06:00:00+05:30","C-Scheme","25.8","0","54","18.3","109","Clear","36","9","36","0","0","0","low"
"2026-09-13T06:00:00+05:30","Mansarovar","25.8","0","54","7.5","117","Clear","34","10","36","0","0","0","low"
"2026-09-13T07:00:00+05:30","Pink City","26.4","0","54","17.4","91","Clear","42","14","33","2","2","0","moderate"
"2026-09-13T07:00:00+05:30","Malviya Nagar","26.4","0","54","18.3","99","Clear","41","10","33","0","0","0","moderate"
"2026-09-13T07:00:00+05:30","Sanganer","26.4","0","54","7.5","107","Clear","42","11","33","0","0","0","moderate"
"2026-09-13T07:00:00+05:30","C-Scheme","26.4","0","54","8.4","115","Clear","45","13","32","0","0","0","moderate"
"2026-09-13T07:00:00+05:30","Mansarovar","26.5","1","56","9.3","123","Cloudy","45","14","32","0","0","0","moderate"
"2026-09-13T08:00:00+05:30","Pink City","27","0","53","7.5","99","Haze","54","14","28","0","0","0","high"
"2026-09-13T08:00:00+05:30","Malviya Nagar","27","0","53","8.4","107","Haze","54","15","28","0","0","0","moderate"
"2026-09-13T08:00:00+05:30","Sanganer","27","0","53","9.3","115","Haze","53","16","28","0","0","0","moderate"
"2026-09-13T08:00:00+05:30","C-Scheme","27.1","1.6","57","10.2","123","Cloudy","57","18","26","0","0","0","moderate"
"2026-09-13T08:00:00+05:30","Mansarovar","27","0","53","11.1","131","Haze","58","15","26","0","0","0","moderate"
"2026-09-13T09:00:00+05:30","Pink City","27.6","0","52","9.3","98","Clear","53","15","28","0","0","0","moderate"
"2026-09-13T09:00:00+05:30","Malviya Nagar","27.6","0","52","10.2","106","Clear","55","17","27","0","0","0","moderate"
"2026-09-13T09:00:00+05:30","Sanganer","27.6","0","52","11.1","114","Clear","52","17","29","0","0","0","moderate"
"2026-09-13T09:00:00+05:30","C-Scheme","27.8","2.2","58","12","122","Cloudy","57","15","26","0","0","0","moderate"
"2026-09-13T09:00:00+05:30","Mansarovar","27.6","0","52","12.9","130","Clear","59","17","26","0","0","0","moderate"
"2026-09-13T10:00:00+05:30","Pink City","28.1","0","51","11.1","92","Clear","48","14","30","0","0","0","moderate"
"2026-09-13T10:00:00+05:30","Malviya Nagar","28.1","0","51","12","100","Clear","50","16","30","0","0","0","moderate"
"2026-09-13T10:00:00+05:30","Sanganer","28.3","2.7","58","12.9","108","Cloudy","46","11","31","0","0","0","moderate"
"2026-09-13T10:00:00+05:30","C-Scheme","28.1","0","51","13.8","116","Clear","52","14","29","0","0","0","moderate"
"2026-09-13T10:00:00+05:30","Mansarovar","28.1","0","51","14.7","124","Clear","54","16","28","1","1","0","moderate"
"2026-09-13T11:00:00+05:30","Pink City","28.5","0","50","12.9","86","Clear","43","14","33","0","0","0","moderate"
"2026-09-13T11:00:00+05:30","Malviya Nagar","28.5","0","50","13.8","94","Clear","45","11","32","0","0","0","moderate"
"2026-09-13T11:00:00+05:30","Sanganer","28.5","0","50","14.7","102","Clear","39","10","34","0","0","0","low"
"2026-09-13T11:00:00+05:30","C-Scheme","28.5","0","50","15.6","110","Clear","47","14","31","0","0","0","low"
"2026-09-13T11:00:00+05:30","Mansarovar","28.5","0","50","16.5","118","Clear","32","10","37","0","0","0","low"
"2026-09-13T12:00:00+05:30","Pink City","28.7","0","48","14.7","84","Clear","43","10","33","0","0","0","low"
"2026-09-13T12:00:00+05:30","Malviya Nagar","29","3.8","58","15.6","92","Light Rain","44","12","32","0","0","0","low"
"2026-09-13T12:00:00+05:30","Sanganer","28.7","0","48","16.5","100","Clear","38","11","35","0","0","0","low"
"2026-09-13T12:00:00+05:30","C-Scheme","28.7","0","48","17.4","108","Clear","31","10","38","0","0","0","low"
"2026-09-13T12:00:00+05:30","Mansarovar","28.7","0","48","18.3","116","Clear","32","7","37","0","0","0","low"
"2026-09-13T13:00:00+05:30","Pink City","29.2","4.4","57","16.5","83","Light Rain","45","12","32","0","0","0","low"
"2026-09-13T13:00:00+05:30","Malviya Nagar","28.8","0","46","17.4","91","Clear","44","13","32","0","0","0","low"
"2026-09-13T13:00:00+05:30","Sanganer","28.8","0","46","18.3","99","Clear","21","7","42","0","0","0","low"
"2026-09-13T13:00:00+05:30","C-Scheme","28.8","0","46","7.5","107","Clear","32","7","37","1","0","1","low"
"2026-09-13T13:00:00+05:30","Mansarovar","28.8","0","46","8.4","115","Clear","32","8","37","0","0","0","low"
"2026-09-13T14:00:00+05:30","Pink City","29.1","4.9","57","18.3","84","Light Rain","48","14","30","0","0","0","moderate"
"2026-09-13T14:00:00+05:30","Malviya Nagar","28.7","0","45","7.5","92","Clear","29","9","39","0","0","0","low"
"2026-09-13T14:00:00+05:30","Sanganer","28.7","0","45","8.4","100","Clear","23","4","41","0","0","0","low"
"2026-09-13T14:00:00+05:30","C-Scheme","28.7","0","45","9.3","108","Clear","36","9","36","0","0","0","low"
"2026-09-13T14:00:00+05:30","Mansarovar","28.7","0","45","10.2","116","Clear","33","9","37","0","0","0","low"
"2026-09-13T15:00:00+05:30","Pink City","28.5","0","44","8.4","86","Clear","38","12","35","0","0","0","moderate"
"2026-09-13T15:00:00+05:30","Malviya Nagar","28.5","0","44","9.3","94","Clear","33","7","37","0","0","0","low"
"2026-09-13T15:00:00+05:30","Sanganer","28.5","0","44","10.2","102","Clear","29","7","39","0","0","0","low"
"2026-09-13T15:00:00+05:30","C-Scheme","28.5","0","44","11.1","110","Clear","42","12","33","0","0","0","moderate"
"2026-09-13T15:00:00+05:30","Mansarovar","28.5","0","44","12","118","Clear","37","12","35","0","0","0","low"
"2026-09-13T16:00:00+05:30","Pink City","28.1","0","43","10.2","92","Clear","48","12","30","0","0","0","moderate"
"2026-09-13T16:00:00+05:30","Malviya Nagar","28.1","0","43","11.1","100","Clear","42","11","33","0","0","0","moderate"
"2026-09-13T16:00:00+05:30","Sanganer","28.1","0","43","12","108","Clear","39","11","34","1","1","0","moderate"
"2026-09-13T16:00:00+05:30","C-Scheme","28.1","0","43","12.9","116","Clear","52","17","29","0","0","0","moderate"
"2026-09-13T16:00:00+05:30","Mansarovar","28.1","0","43","13.8","124","Clear","46","11","31","0","0","0","moderate"
"2026-09-13T17:00:00+05:30","Pink City","27.6","0","42","12","101","Haze","62","18","24","0","0","0","high"
"2026-09-13T17:00:00+05:30","Malviya Nagar","27.6","0","42","12.9","109","Haze","54","16","28","0","0","0","moderate"
"2026-09-13T17:00:00+05:30","Sanganer","27.6","0","42","13.8","117","Haze","53","17","28","0","0","0","moderate"
"2026-09-13T17:00:00+05:30","C-Scheme","27.6","0","42","14.7","125","Haze","65","17","23","0","0","0","high"
"2026-09-13T17:00:00+05:30","Mansarovar","27.6","0","42","15.6","133","Haze","58","16","26","0","0","0","moderate"
"2026-09-13T18:00:00+05:30","Pink City","27","0","42","13.8","105","Haze","68","21","22","0","0","0","high"
"2026-09-13T18:00:00+05:30","Malviya Nagar","27","0","42","14.7","113","Haze","60","19","25","0","0","0","high"
"2026-09-13T18:00:00+05:30","Sanganer","27","0","42","15.6","121","Haze","61","16","25","0","0","0","high"
"2026-09-13T18:00:00+05:30","C-Scheme","27","0","42","16.5","129","Haze","72","21","20","0","0","0","high"
"2026-09-13T18:00:00+05:30","Mansarovar","27","0","42","17.4","137","Haze","64","20","23","0","0","0","high"
"2026-09-13T19:00:00+05:30","Pink City","26.4","0","42","15.6","102","Haze","66","21","23","0","0","0","high"
"2026-09-13T19:00:00+05:30","Malviya Nagar","26.4","0","42","16.5","110","Haze","58","15","26","1","1","1","moderate"
"2026-09-13T19:00:00+05:30","Sanganer","26.4","0","42","17.4","118","Haze","60","17","25","0","0","0","moderate"
"2026-09-13T19:00:00+05:30","C-Scheme","26.4","0","42","18.3","126","Haze","70","22","21","0","0","0","high"
"2026-09-13T19:00:00+05:30","Mansarovar","26.4","0","42","7.5","134","Haze","62","20","24","0","0","0","moderate"
"2026-09-13T20:00:00+05:30","Pink City","25.8","0","43","17.4","95","Clear","58","15","26","0","0","0","moderate"
"2026-09-13T20:00:00+05:30","Malviya Nagar","25.8","0","43","18.3","103","Clear","50","14","30","0","0","0","moderate"
"2026-09-13T20:00:00+05:30","Sanganer","25.8","0","43","7.5","111","Clear","53","16","28","0","0","0","moderate"
"2026-09-13T20:00:00+05:30","C-Scheme","25.8","0","43","8.4","119","Clear","61","20","25","0","0","0","moderate"
"2026-09-13T20:00:00+05:30","Mansarovar","26","3.2","51","9.3","127","Light Rain","38","9","35","0","0","0","moderate"
"2026-09-13T21:00:00+05:30","Pink City","25.2","0","44","7.5","88","Clear","50","14","30","0","0","0","moderate"
"2026-09-13T21:00:00+05:30","Malviya Nagar","25.2","0","44","8.4","96","Clear","44","13","32","0","0","0","low"
"2026-09-13T21:00:00+05:30","Sanganer","25.2","0","44","9.3","104","Clear","47","15","31","0","0","0","low"
"2026-09-13T21:00:00+05:30","C-Scheme","25.2","0","44","10.2","112","Clear","37","8","35","0","0","0","moderate"
"2026-09-13T21:00:00+05:30","Mansarovar","25.5","3.8","53","11.1","120","Light Rain","31","7","38","0","0","0","low"
"2026-09-13T22:00:00+05:30","Pink City","24.7","0","45","9.3","83","Clear","44","13","32","1","1","0","low"
"2026-09-13T22:00:00+05:30","Malviya Nagar","24.7","0","45","10.2","91","Clear","40","13","34","0","0","0","low"
"2026-09-13T22:00:00+05:30","Sanganer","24.7","0","45","11.1","99","Clear","27","5","39","0","0","0","low"
"2026-09-13T22:00:00+05:30","C-Scheme","25.1","4.4","56","12","107","Light Rain","31","7","38","0","0","0","low"
"2026-09-13T22:00:00+05:30","Mansarovar","24.7","0","45","12.9","115","Clear","27","7","39","0","0","0","low"
"2026-09-13T23:00:00+05:30","Pink City","24.3","0","46","11.1","80","Clear","42","14","33","0","0","0","low"
"2026-09-13T23:00:00+05:30","Malviya Nagar","24.3","0","46","12","88","Clear","23","4","41","0","0","0","low"
"2026-09-13T23:00:00+05:30","Sanganer","24.3","0","46","12.9","96","Clear","25","5","40","0","0","0","low"
"2026-09-13T23:00:00+05:30","C-Scheme","24.3","0","46","13.8","104","Clear","29","8","39","0","0","0","low"
"2026-09-13T23:00:00+05:30","Mansarovar","24.3","0","46","14.7","112","Clear","27","9","39","0","0","0","low"
"2026-09-14T00:00:00+05:30","Pink City","24.6","0","48","7.5","84","Clear","30","6","38","0","0","0","low"
"2026-09-14T00:00:00+05:30","Malviya Nagar","24.6","0","48","8.4","92","Clear","25","5","40","0","0","0","low"
"2026-09-14T00:00:00+05:30","Sanganer","24.6","0","48","9.3","100","Clear","29","8","39","0","0","0","low"
"2026-09-14T00:00:00+05:30","C-Scheme","24.6","0","48","10.2","108","Clear","34","11","36","0","0","0","low"
"2026-09-14T00:00:00+05:30","Mansarovar","24.6","0","48","11.1","116","Clear","29","6","39","0","0","0","low"
"2026-09-14T01:00:00+05:30","Pink City","24.6","0","50","9.3","84","Clear","31","7","38","0","0","0","low"
"2026-09-14T01:00:00+05:30","Malviya Nagar","24.6","0","50","10.2","92","Clear","27","7","39","1","1","0","low"
"2026-09-14T01:00:00+05:30","Sanganer","24.6","0","50","11.1","100","Clear","30","10","38","0","0","0","low"
"2026-09-14T01:00:00+05:30","C-Scheme","24.6","0","50","12","108","Clear","34","7","36","0","0","0","low"
"2026-09-14T01:00:00+05:30","Mansarovar","24.6","0","50","12.9","116","Clear","15","2","45","2","2","0","low"
"2026-09-14T02:00:00+05:30","Pink City","24.6","0","51","11.1","84","Clear","31","9","38","0","0","0","low"
"2026-09-14T02:00:00+05:30","Malviya Nagar","24.6","0","51","12","92","Clear","30","10","38","0","0","0","low"
"2026-09-14T02:00:00+05:30","Sanganer","24.6","0","51","12.9","100","Clear","31","6","38","0","0","0","low"
"2026-09-14T02:00:00+05:30","C-Scheme","24.6","0","51","13.8","108","Clear","18","3","43","2","1","0","low"
"2026-09-14T02:00:00+05:30","Mansarovar","24.6","0","51","14.7","116","Clear","18","4","43","0","0","0","low"
"2026-09-14T03:00:00+05:30","Pink City","24.9","0","52","12.9","83","Clear","32","10","37","0","0","0","low"
"2026-09-14T03:00:00+05:30","Malviya Nagar","24.9","0","52","13.8","91","Clear","32","7","37","0","0","0","low"
"2026-09-14T03:00:00+05:30","Sanganer","24.9","0","52","14.7","99","Clear","16","3","44","2","2","0","low"
"2026-09-14T03:00:00+05:30","C-Scheme","24.9","0","52","15.6","107","Clear","19","5","43","0","0","0","low"
"2026-09-14T03:00:00+05:30","Mansarovar","24.9","0","52","16.5","115","Clear","20","6","42","0","0","0","low"
"2026-09-14T04:00:00+05:30","Pink City","25.3","0","53","14.7","84","Clear","34","7","36","1","1","1","low"
"2026-09-14T04:00:00+05:30","Malviya Nagar","25.3","0","53","15.6","92","Clear","19","4","43","2","2","0","low"
"2026-09-14T04:00:00+05:30","Sanganer","25.3","0","53","16.5","100","Clear","17","4","44","0","0","0","low"
"2026-09-14T04:00:00+05:30","C-Scheme","25.3","0","53","17.4","108","Clear","21","7","42","0","0","0","low"
"2026-09-14T04:00:00+05:30","Mansarovar","25.6","4.9","65","18.3","116","Light Rain","23","4","41","0","0","0","low"
"2026-09-14T05:00:00+05:30","Pink City","25.8","0","54","16.5","84","Clear","21","4","42","2","2","0","low"
"2026-09-14T05:00:00+05:30","Malviya Nagar","25.8","0","54","17.4","92","Clear","22","6","42","0","0","0","low"
"2026-09-14T05:00:00+05:30","Sanganer","25.8","0","54","18.3","100","Clear","19","6","43","0","0","0","low"
"2026-09-14T05:00:00+05:30","C-Scheme","25.8","0","54","7.5","108","Clear","24","4","41","0","0","0","low"
"2026-09-14T05:00:00+05:30","Mansarovar","25.8","0.5","55","8.4","116","Cloudy","27","6","39","0","0","0","low"
"2026-09-14T06:00:00+05:30","Pink City","26.3","0","54","18.3","90","Clear","31","9","38","0","0","0","low"
"2026-09-14T06:00:00+05:30","Malviya Nagar","26.3","0","54","7.5","98","Clear","32","10","37","0","0","0","low"
"2026-09-14T06:00:00+05:30","Sanganer","26.3","0","54","8.4","106","Clear","27","5","39","0","0","0","low"
"2026-09-14T06:00:00+05:30","C-Scheme","26.4","1","56","9.3","114","Cloudy","34","8","36","0","0","0","low"
"2026-09-14T06:00:00+05:30","Mansarovar","26.3","0","54","10.2","122","Clear","36","10","36","0","0","0","low"
"2026-09-14T07:00:00+05:30","Pink City","27","0","54","8.4","96","Clear","41","13","33","0","0","0","moderate"
"2026-09-14T07:00:00+05:30","Malviya Nagar","27","0","54","9.3","104","Clear","42","10","33","0","0","0","moderate"
"2026-09-14T07:00:00+05:30","Sanganer","27","0","54","10.2","112","Clear","36","9","36","0","0","0","low"
"2026-09-14T07:00:00+05:30","C-Scheme","27","0","54","11.1","120","Clear","44","13","32","0","0","0","moderate"
"2026-09-14T07:00:00+05:30","Mansarovar","27","0","54","12","128","Clear","46","15","31","0","0","0","moderate"
"2026-09-14T08:00:00+05:30","Pink City","27.6","0","53","10.2","104","Haze","54","14","28","0","0","0","moderate"
"2026-09-14T08:00:00+05:30","Malviya Nagar","27.6","0","53","11.1","112","Haze","54","15","28","0","0","0","moderate"
"2026-09-14T08:00:00+05:30","Sanganer","27.7","2.2","59","12","120","Cloudy","47","14","31","0","0","0","moderate"
"2026-09-14T08:00:00+05:30","C-Scheme","27.6","0","53","12.9","128","Haze","58","19","26","0","0","0","moderate"
"2026-09-14T08:00:00+05:30","Mansarovar","27.6","0","53","13.8","136","Haze","58","15","26","0","0","0","moderate"
"2026-09-14T09:00:00+05:30","Pink City","28.2","0","52","12","102","Clear","55","15","27","0","0","0","moderate"
"2026-09-14T09:00:00+05:30","Malviya Nagar","28.4","2.7","59","12.9","110","Cloudy","53","16","28","0","0","0","moderate"
"2026-09-14T09:00:00+05:30","Sanganer","28.2","0","52","13.8","118","Clear","47","15","31","0","0","0","moderate"
"2026-09-14T09:00:00+05:30","C-Scheme","28.2","0","52","14.7","126","Clear","58","15","26","0","0","0","moderate"
"2026-09-14T09:00:00+05:30","Mansarovar","28.2","0","52","15.6","134","Clear","57","16","26","1","1","0","moderate"
"2026-09-14T10:00:00+05:30","Pink City","28.6","0","51","13.8","97","Clear","50","15","30","0","0","0","moderate"
"2026-09-14T10:00:00+05:30","Malviya Nagar","28.9","3.2","59","14.7","105","Light Rain","46","15","31","0","0","0","moderate"
"2026-09-14T10:00:00+05:30","Sanganer","28.6","0","51","15.6","113","Clear","41","10","33","0","0","0","low"
"2026-09-14T10:00:00+05:30","C-Scheme","28.6","0","51","16.5","121","Clear","54","15","28","0","0","0","moderate"
"2026-09-14T10:00:00+05:30","Mansarovar","28.6","0","51","17.4","129","Clear","34","10","36","0","0","0","moderate"
"2026-09-14T11:00:00+05:30","Pink City","29.3","3.8","59","15.6","91","Light Rain","46","15","31","0","0","0","moderate"
"2026-09-14T11:00:00+05:30","Malviya Nagar","29","0","50","16.5","99","Clear","40","9","34","0","0","0","low"
"2026-09-14T11:00:00+05:30","Sanganer","29","0","50","17.4","107","Clear","36","9","36","0","0","0","low"
"2026-09-14T11:00:00+05:30","C-Scheme","29","0","50","18.3","115","Clear","33","9","37","0","0","0","low"
"2026-09-14T11:00:00+05:30","Mansarovar","29","0","50","7.5","123","Clear","28","9","39","0","0","0","low"
"2026-09-14T12:00:00+05:30","Pink City","29.3","0","48","17.4","89","Clear","45","11","32","0","0","0","low"
"2026-09-14T12:00:00+05:30","Malviya Nagar","29.3","0","48","18.3","97","Clear","38","10","35","0","0","0","low"
"2026-09-14T12:00:00+05:30","Sanganer","29.3","0","48","7.5","105","Clear","20","5","42","0","0","0","low"
"2026-09-14T12:00:00+05:30","C-Scheme","29.3","0","48","8.4","113","Clear","32","10","37","1","0","0","low"
"2026-09-14T12:00:00+05:30","Mansarovar","29.3","0","48","9.3","121","Clear","26","5","40","0","0","0","low"
"2026-09-14T13:00:00+05:30","Pink City","29.4","0","46","7.5","88","Clear","46","12","31","0","0","0","low"
"2026-09-14T13:00:00+05:30","Malviya Nagar","29.4","0","46","8.4","96","Clear","21","5","42","0","0","0","low"
"2026-09-14T13:00:00+05:30","Sanganer","29.4","0","46","9.3","104","Clear","21","7","42","0","0","0","low"
"2026-09-14T13:00:00+05:30","C-Scheme","29.4","0","46","10.2","112","Clear","33","7","37","0","0","0","low"
"2026-09-14T13:00:00+05:30","Mansarovar","29.4","0","46","11.1","120","Clear","25","5","40","0","0","0","low"
"2026-09-14T14:00:00+05:30","Pink City","29.3","0","45","9.3","88","Clear","31","9","38","0","0","0","low"
"2026-09-14T14:00:00+05:30","Malviya Nagar","29.3","0","45","10.2","96","Clear","23","7","41","0","0","0","low"
"2026-09-14T14:00:00+05:30","Sanganer","29.3","0","45","11.1","104","Clear","24","4","41","0","0","0","low"
"2026-09-14T14:00:00+05:30","C-Scheme","29.3","0","45","12","112","Clear","35","9","36","0","0","0","low"
"2026-09-14T14:00:00+05:30","Mansarovar","29.3","0","45","12.9","120","Clear","27","7","39","0","0","0","low"
"2026-09-14T15:00:00+05:30","Pink City","29","0","44","11.1","91","Clear","36","12","36","0","0","0","moderate"
"2026-09-14T15:00:00+05:30","Malviya Nagar","29","0","44","12","99","Clear","28","5","39","0","0","0","low"
"2026-09-14T15:00:00+05:30","Sanganer","29","0","44","12.9","107","Clear","30","7","38","1","1","0","low"
"2026-09-14T15:00:00+05:30","C-Scheme","29","0","44","13.8","115","Clear","39","11","34","0","0","0","low"
"2026-09-14T15:00:00+05:30","Mansarovar","29","0","44","14.7","123","Clear","32","10","37","0","0","0","low"
"2026-09-14T16:00:00+05:30","Pink City","28.6","0","43","12.9","97","Clear","44","11","32","0","0","0","moderate"
"2026-09-14T16:00:00+05:30","Malviya Nagar","28.6","0","43","13.8","105","Clear","37","9","35","0","0","0","low"
"2026-09-14T16:00:00+05:30","Sanganer","28.6","0","43","14.7","113","Clear","41","12","33","0","0","0","moderate"
"2026-09-14T16:00:00+05:30","C-Scheme","28.6","0","43","15.6","121","Clear","48","15","30","0","0","0","moderate"
"2026-09-14T16:00:00+05:30","Mansarovar","28.6","0","43","16.5","129","Clear","42","10","33","0","0","0","low"
"2026-09-14T17:00:00+05:30","Pink City","28.2","0","42","14.7","106","Haze","56","16","27","0","0","0","high"
"2026-09-14T17:00:00+05:30","Malviya Nagar","28.2","0","42","15.6","114","Haze","51","15","29","0","0","0","moderate"
"2026-09-14T17:00:00+05:30","Sanganer","28.2","0","42","16.5","122","Haze","55","18","27","0","0","0","moderate"
"2026-09-14T17:00:00+05:30","C-Scheme","28.2","0","42","17.4","130","Haze","60","16","25","0","0","0","moderate"
"2026-09-14T17:00:00+05:30","Mansarovar","28.2","0","42","18.3","138","Haze","55","15","27","0","0","0","moderate"
"2026-09-14T18:00:00+05:30","Pink City","27.6","0","42","16.5","110","Haze","62","19","24","0","0","0","high"
"2026-09-14T18:00:00+05:30","Malviya Nagar","27.6","0","42","17.4","118","Haze","59","19","26","1","1","0","high"
"2026-09-14T18:00:00+05:30","Sanganer","27.6","0","42","18.3","126","Haze","62","16","24","0","0","0","high"
"2026-09-14T18:00:00+05:30","C-Scheme","27.6","0","42","7.5","134","Haze","66","19","23","0","0","0","high"
"2026-09-14T18:00:00+05:30","Mansarovar","27.8","2.7","49","8.4","142","Cloudy","63","19","24","0","0","0","moderate"
"2026-09-14T19:00:00+05:30","Pink City","27","0","42","18.3","108","Haze","60","19","25","0","0","0","high"
"2026-09-14T19:00:00+05:30","Malviya Nagar","27","0","42","7.5","116","Haze","58","15","26","0","0","0","moderate"
"2026-09-14T19:00:00+05:30","Sanganer","27","0","42","8.4","124","Haze","60","17","25","0","0","0","moderate"
"2026-09-14T19:00:00+05:30","C-Scheme","27","0","42","9.3","132","Haze","64","20","23","0","0","0","moderate"
"2026-09-14T19:00:00+05:30","Mansarovar","27","0","42","10.2","140","Haze","46","15","31","0","0","0","moderate"
"2026-09-14T20:00:00+05:30","Pink City","26.3","0","43","8.4","100","Clear","52","13","29","0","0","0","moderate"
"2026-09-14T20:00:00+05:30","Malviya Nagar","26.3","0","43","9.3","108","Clear","52","14","29","0","0","0","moderate"
"2026-09-14T20:00:00+05:30","Sanganer","26.3","0","43","10.2","116","Clear","52","16","29","0","0","0","moderate"
"2026-09-14T20:00:00+05:30","C-Scheme","26.6","3.8","52","11.1","124","Light Rain","39","13","34","0","0","0","moderate"
"2026-09-14T20:00:00+05:30","Mansarovar","26.3","0","43","12","132","Clear","40","9","34","0","0","0","moderate"
"2026-09-14T21:00:00+05:30","Pink City","25.8","0","44","10.2","93","Clear","44","12","32","1","1","0","low"
"2026-09-14T21:00:00+05:30","Malviya Nagar","25.8","0","44","11.1","101","Clear","46","14","31","0","0","0","low"
"2026-09-14T21:00:00+05:30","Sanganer","26.1","4.4","55","12","109","Light Rain","28","9","39","0","0","0","low"
"2026-09-14T21:00:00+05:30","C-Scheme","25.8","0","44","12.9","117","Clear","32","7","37","0","0","0","low"
"2026-09-14T21:00:00+05:30","Mansarovar","25.8","0","44","13.8","125","Clear","34","8","36","0","0","0","low"
"2026-09-14T22:00:00+05:30","Pink City","25.3","0","45","12","88","Clear","40","12","34","0","0","0","low"
"2026-09-14T22:00:00+05:30","Malviya Nagar","25.3","0","45","12.9","96","Clear","26","8","40","0","0","0","low"
"2026-09-14T22:00:00+05:30","Sanganer","25.6","4.9","57","13.8","104","Light Rain","22","3","42","0","0","0","low"
"2026-09-14T22:00:00+05:30","C-Scheme","25.3","0","45","14.7","112","Clear","27","6","39","0","0","0","low"
"2026-09-14T22:00:00+05:30","Mansarovar","25.3","0","45","15.6","120","Clear","30","8","38","0","0","0","low"
"2026-09-14T23:00:00+05:30","Pink City","24.9","0","46","13.8","86","Clear","23","7","41","0","0","0","low"
"2026-09-14T23:00:00+05:30","Malviya Nagar","24.9","0.5","48","14.7","94","Cloudy","25","4","40","0","0","0","low"
"2026-09-14T23:00:00+05:30","Sanganer","24.9","0","46","15.6","102","Clear","20","4","42","0","0","0","low"
"2026-09-14T23:00:00+05:30","C-Scheme","24.9","0","46","16.5","110","Clear","27","7","39","0","0","0","low"
"2026-09-14T23:00:00+05:30","Mansarovar","24.9","0","46","17.4","118","Clear","29","9","39","0","0","0","low"
